Date,Total Snow,Daily Delta,Min,Max,Mean
2014-01-01,100.0,0.0,-3.1,3.7,0.20869565217391306
2014-01-02,103.0,3.0,0.0,3.3,1.4217391304347826
2014-01-03,103.0,0.0,-8.6,-0.2,-5.734782608695652
2014-01-04,99.0,-4.0,-13.1,-5.4,-10.639130434782608
2014-01-05,98.0,-1.0,-11.6,-1.2,-7.578260869565217
2014-01-06,98.0,0.0,-4.9,3.9,-2.134782608695652
2014-01-07,105.0,7.0,-1.2,2.9,1.1521739130434783
2014-01-08,108.0,3.0,0.1,2.3,1.0739130434782609
2014-01-09,109.0,1.0,-3.8,0.3,-2.0739130434782607
2014-01-10,112.0,3.0,-3.1,-0.3,-1.817391304347826
2014-01-11,153.0,41.0,-4.9,-0.9,-2.38695652173913
2014-01-12,156.0,3.0,-5.9,-0.3,-3.4391304347826086
2014-01-13,164.0,8.0,0.1,3.7,1.4608695652173913
2014-01-14,165.0,1.0,1.8,3.7,2.6826086956521737
2014-01-15,165.0,0.0,2.2,3.9,2.9347826086956523
2014-01-16,164.0,-1.0,-1.1,8.6,2.630434782608696
2014-01-17,166.0,2.0,-0.2,7.4,3.2869565217391306
2014-01-18,169.0,3.0,-3.1,7.4,2.4043478260869566
2014-01-19,166.0,-3.0,-2.7,3.2,0.5304347826086957
2014-01-20,161.0,-5.0,-7.2,7.7,-3.0739130434782607
2014-01-21,165.0,4.0,-0.4,8.8,2.3434782608695652
2014-01-22,161.0,-4.0,-5.1,4.4,-0.691304347826087
2014-01-23,160.0,-1.0,-6.9,7.3,-3.1130434782608694
2014-01-24,161.0,1.0,-2.7,11.1,-4.827056628805028e-17
2014-01-25,163.0,2.0,-1.6,12.2,1.443478260869565
2014-01-26,163.0,0.0,-3.5,7.3,0.09999999999999996
2014-01-27,162.0,-1.0,-6.6,4.0,-3.7130434782608694
2014-01-28,167.0,5.0,-6.2,3.6,0.7
2014-01-29,167.0,0.0,-7.8,3.7,-3.4478260869565216
2014-01-30,166.0,-1.0,-13.3,-2.2,-8.004347826086956
2014-01-31,159.0,-7.0,-19.6,-3.8,-15.926086956521738
2014-02-01,160.0,1.0,-17.3,-3.3,-12.139130434782608
2014-02-02,160.0,0.0,-18.0,-10.2,-13.643478260869566
2014-02-03,158.0,-2.0,-16.5,-11.7,-13.717391304347826
2014-02-04,156.0,-2.0,-23.3,-16.2,-19.804347826086957
2014-02-05,154.0,-2.0,-28.9,-14.8,-23.18695652173913
2014-02-06,158.0,4.0,-29.1,-12.7,-23.63478260869565
2014-02-07,158.0,0.0,-28.5,-11.9,-23.33478260869565
2014-02-08,146.0,-12.0,-27.0,-9.1,-21.452173913043477
2014-02-09,145.0,-1.0,-25.8,-2.1,-18.582608695652173
2014-02-10,155.0,10.0,-9.7,0.0,-4.908695652173913
2014-02-11,161.0,6.0,-4.8,-1.6,-3.747826086956522
2014-02-12,189.0,28.0,-4.8,-0.8,-2.282608695652174
2014-02-13,200.0,11.0,-4.1,-1.2,-2.8391304347826085
2014-02-14,217.0,17.0,-3.9,0.5,-2.2956521739130435
2014-02-15,215.0,-2.0,-4.3,-0.3,-2.408695652173913
2014-02-16,227.0,12.0,-7.1,-2.0,-4.869565217391305
2014-02-17,241.0,14.0,-6.0,0.5,-4.104347826086957
2014-02-18,249.0,8.0,-6.1,-2.5,-4.77391304347826
2014-02-19,250.0,1.0,-7.0,-3.6,-5.3478260869565215
2014-02-20,259.0,9.0,-6.7,-3.1,-4.6869565217391305
2014-02-21,250.0,-9.0,-18.6,-2.6,-9.986956521739131
2014-02-22,257.0,7.0,-15.1,-5.2,-10.595652173913043
2014-02-23,261.0,4.0,-18.0,-8.7,-13.76086956521739
2014-02-24,261.0,0.0,-18.6,-9.7,-14.717391304347826
2014-02-25,261.0,0.0,-17.5,-0.1,-11.447826086956521
2014-02-26,265.0,4.0,-13.4,6.9,-7.791304347826087
2014-02-27,275.0,10.0,-5.4,3.7,-2.1130434782608694
2014-02-28,270.0,-5.0,-11.9,0.0,-5.660869565217391
2014-03-01,263.0,-7.0,-27.1,-9.3,-18.213043478260868
2014-03-02,270.0,7.0,-18.2,-13.3,-16.630434782608695
2014-03-03,275.0,5.0,-18.0,-2.1,-14.843478260869565
2014-03-04,276.0,1.0,-9.8,0.2,-5.291304347826087
2014-03-05,280.0,4.0,-13.0,-3.9,-8.039130434782608
2014-03-06,286.0,6.0,-13.2,-2.5,-10.447826086956521
2014-03-07,285.0,-1.0,-1.6,4.7,2.247826086956522
2014-03-08,300.0,15.0,-0.5,1.4,0.45217391304347826
2014-03-09,313.0,13.0,-1.4,1.0,0.14782608695652175
2014-03-10,312.0,-1.0,-8.8,5.1,-2.026086956521739
2014-03-11,308.0,-4.0,-8.2,5.2,-2.6913043478260867
2014-03-12,319.0,11.0,-2.7,3.4,0.6173913043478261
2014-03-13,316.0,-3.0,-10.2,6.2,-3.2130434782608694
2014-03-14,330.0,14.0,-1.7,2.2,-0.09130434782608694
2014-03-15,332.0,2.0,-2.6,0.5,-1.1347826086956523
2014-03-16,362.0,30.0,-1.8,0.8,-0.5826086956521739
2014-03-17,359.0,-3.0,-12.3,2.5,-4.673913043478261
2014-03-18,363.0,4.0,-5.7,3.6,-2.5043478260869567
2014-03-19,374.0,11.0,-2.3,0.7,-1.1869565217391305
2014-03-20,367.0,-7.0,-11.0,2.5,-5.769565217391304
2014-03-21,364.0,-3.0,-16.3,3.2,-8.452173913043477
2014-03-22,374.0,10.0,-7.9,2.9,-3.782608695652174
2014-03-23,369.0,-5.0,-13.0,6.2,-4.9
2014-03-24,376.0,7.0,-5.8,3.6,-2.6956521739130435
2014-03-25,390.0,14.0,-4.2,2.1,-0.391304347826087
2014-03-26,392.0,2.0,-7.1,0.6,-3.9043478260869566
2014-03-27,390.0,-2.0,-8.3,2.8,-4.7956521739130435
2014-03-28,392.0,2.0,-6.1,3.7,-3.0217391304347827
2014-03-29,400.0,8.0,-5.2,3.7,-0.8521739130434782
2014-03-30,403.0,3.0,-4.3,6.1,-0.5565217391304348
2014-03-31,400.0,-3.0,-7.4,5.9,-1.873913043478261
2014-04-01,403.0,3.0,-10.5,7.1,-2.339130434782609
2014-04-02,402.0,-1.0,-6.0,5.9,-1.2695652173913043
2014-04-03,409.0,7.0,-2.0,3.3,0.18695652173913044
2014-04-04,413.0,4.0,-0.9,7.1,1.108695652173913
2014-04-05,413.0,0.0,-1.4,3.1,0.14782608695652175
2014-04-06,408.0,-5.0,-1.9,4.0,0.9260869565217391
2014-04-07,413.0,5.0,0.3,9.3,4.734782608695652
2014-04-08,399.0,-14.0,0.4,6.3,3.534782608695652
2014-04-09,401.0,2.0,-3.4,4.0,-0.9826086956521739
2014-04-10,406.0,5.0,-1.3,5.3,1.1695652173913043
2014-04-11,409.0,3.0,1.4,6.9,3.365217391304348
2014-04-12,401.0,-8.0,-1.8,9.0,1.6956521739130435
2014-04-13,412.0,11.0,-6.5,12.4,0.508695652173913
2014-04-14,411.0,-1.0,-2.9,10.0,2.7956521739130435
2014-04-15,412.0,1.0,-0.2,6.9,2.208695652173913
2014-04-16,410.0,-2.0,-2.4,6.6,0.9217391304347826
2014-04-17,412.0,2.0,0.9,6.5,2.9956521739130433
2014-04-18,409.0,-3.0,-4.9,6.9,0.1826086956521739
2014-04-19,421.0,12.0,-2.2,4.1,0.23913043478260868
2014-04-20,411.0,-10.0,-1.5,4.2,1.0
2014-04-21,418.0,7.0,-0.9,5.7,1.5130434782608695
2014-04-22,423.0,5.0,-2.0,7.0,1.2782608695652173
2014-04-23,420.0,-3.0,-6.6,5.4,-1.4913043478260868
2014-04-24,427.0,7.0,-2.3,6.3,1.0608695652173914
2014-04-25,421.0,-6.0,-3.0,7.8,1.208695652173913
2014-04-26,426.0,5.0,-4.7,6.1,-0.19565217391304354
2014-04-27,425.0,-1.0,-2.0,7.0,0.4869565217391304
2014-04-28,418.0,-7.0,-3.0,7.2,0.43043478260869567
2014-04-29,413.0,-5.0,-0.7,8.4,2.6565217391304348
2014-04-30,413.0,0.0,2.0,18.3,8.221739130434782
2014-05-01,399.0,-14.0,1.7,20.3,9.395652173913044
2014-05-02,382.0,-17.0,2.0,16.5,8.508695652173913
2014-05-03,371.0,-11.0,-2.9,9.9,0.5956521739130435
2014-05-04,374.0,3.0,-3.5,2.0,-1.4086956521739131
2014-05-05,372.0,-2.0,-6.3,8.7,0.4739130434782608
2014-05-06,371.0,-1.0,-3.8,13.2,2.5478260869565217
2014-05-07,363.0,-8.0,-1.6,12.9,5.273913043478261
2014-05-08,356.0,-7.0,0.5,11.7,5.121739130434783
2014-05-09,338.0,-18.0,2.0,9.0,4.765217391304348
2014-05-10,320.0,-18.0,-1.3,12.4,3.7
2014-05-11,305.0,-15.0,-2.0,15.1,4.973913043478261
2014-05-12,296.0,-9.0,1.7,8.8,5.482608695652174
2014-05-13,284.0,-12.0,4.2,14.4,7.578260869565217
2014-05-14,258.0,-26.0,5.6,18.8,10.791304347826086
2014-05-15,231.0,-27.0,0.5,17.2,8.360869565217392
2014-05-16,211.0,-20.0,3.0,17.4,9.734782608695651
2014-05-17,181.0,-30.0,5.5,12.5,8.791304347826086
2014-05-18,157.0,-24.0,0.0,13.7,5.3
2014-05-19,129.0,-28.0,2.7,11.7,6.1
2014-05-20,100.0,-29.0,4.9,12.2,7.826086956521739
2014-05-21,62.0,-38.0,6.0,9.9,7.78695652173913
2014-05-22,28.0,-34.0,5.6,9.5,6.952173913043478
2014-05-23,10.0,-18.0,4.1,9.0,6.817391304347826
2014-05-24,5.0,-5.0,2.6,11.4,5.869565217391305
2014-05-25,3.0,-2.0,2.9,9.3,5.665217391304348
2014-05-26,1.0,-2.0,2.7,9.9,5.291304347826087
2014-05-27,0,-1.0,-0.9,9.8,3.9521739130434783
2014-05-28,0,0,1.9,11.1,3.8347826086956522
2014-05-29,0.0,0.0,1.0,10.6,5.534782608695652
2014-05-30,0,0.0,-0.4,15.9,6.047826086956522
2014-05-31,0.0,0.0,1.1,16.3,8.839130434782609
2014-06-01,0,0.0,1.8,16.7,8.895652173913044
2014-06-02,0,0,3.0,20.1,10.47391304347826
2014-06-03,0,0,2.6,17.8,10.660869565217391
2014-06-04,2.0,2.0,6.9,13.3,10.173913043478262
2014-06-05,0,-2.0,-2.2,13.8,5.160869565217391
2014-06-06,0,0,-0.2,14.0,6.717391304347826
2014-06-07,0.0,0.0,3.8,15.9,9.513043478260869
2014-06-08,1.0,1.0,8.0,13.5,10.004347826086956
2014-06-09,0,-1.0,1.5,13.1,7.1521739130434785
2014-06-10,0,0,1.9,13.9,7.017391304347826
2014-06-11,0,0,1.8,15.4,8.552173913043479
2014-06-12,0,0,0.9,17.0,8.486956521739131
2014-06-13,0.0,0.0,3.8,18.5,10.052173913043479
2014-06-14,0.0,0.0,7.2,15.2,9.57391304347826
2014-06-15,0,0.0,3.3,11.4,6.421739130434783
2014-06-16,2.0,2.0,0.3,8.9,3.365217391304348
2014-06-17,1.0,-1.0,4.5,17.5,9.282608695652174
2014-06-18,1.0,0.0,7.4,15.6,11.182608695652174
2014-06-19,0.0,-1.0,7.6,13.5,9.365217391304348
2014-06-20,0,0.0,3.1,10.3,6.173913043478261
2014-06-21,0,0,2.0,11.6,6.082608695652174
2014-06-22,0,0,3.4,16.1,8.895652173913044
2014-06-23,0,0,3.8,17.8,10.23913043478261
2014-06-24,2.0,2.0,8.0,15.3,10.930434782608696
2014-06-25,0,-2.0,3.5,16.4,9.765217391304347
2014-06-26,0,0,2.1,18.1,9.695652173913043
2014-06-27,0.0,0.0,6.9,16.3,10.095652173913043
2014-06-28,0.0,0.0,6.6,13.2,8.947826086956521
2014-06-29,0,0.0,5.6,14.1,8.617391304347827
2014-06-30,0,0,1.9,18.3,9.308695652173913
2014-07-01,0,0,5.2,23.9,13.317391304347826
2014-07-02,4.0,4.0,10.9,21.4,16.98695652173913
2014-07-03,0.0,-4.0,9.5,18.0,11.939130434782609
2014-07-04,0.0,0.0,6.6,12.8,9.430434782608696
2014-07-05,0.0,0.0,7.2,10.6,8.604347826086956
2014-07-06,1.0,1.0,8.7,17.8,10.852173913043478
2014-07-07,0,-1.0,5.1,21.1,12.26086956521739
2014-07-08,0,0,5.7,23.3,14.008695652173913
2014-07-09,0,0,5.2,21.5,13.58695652173913
2014-07-10,0,0,3.4,23.5,12.517391304347827
2014-07-11,0,0,5.4,26.5,14.095652173913043
2014-07-12,0,0,7.7,26.6,16.9
2014-07-13,0,0,7.7,28.3,16.769565217391303
2014-07-14,0.0,0.0,10.8,29.0,18.743478260869566
2014-07-15,0,0.0,9.7,27.6,18.53913043478261
2014-07-16,0,0,7.9,26.7,17.047826086956523
2014-07-17,0,0,8.5,23.7,16.526086956521738
2014-07-18,0,0,13.0,20.1,15.339130434782609
2014-07-19,0,0,10.6,15.4,12.495652173913044
2014-07-20,0,0,5.2,15.3,9.369565217391305
2014-07-21,0,0,7.1,15.0,10.256521739130434
2014-07-22,0,0,7.6,15.0,10.71304347826087
2014-07-23,0,0,5.5,16.4,10.082608695652175
2014-07-24,0,0,7.7,15.0,9.991304347826087
2014-07-25,0,0,6.6,16.1,9.956521739130435
2014-07-26,0,0,5.0,15.8,10.378260869565217
2014-07-27,0,0,3.7,19.3,10.647826086956522
2014-07-28,0,0,5.7,22.2,12.626086956521739
2014-07-29,0,0,7.0,22.5,14.08695652173913
2014-07-30,0,0,7.2,22.2,14.334782608695653
2014-07-31,0,0,5.7,23.3,13.569565217391304
2014-08-01,0,0,6.1,26.7,14.330434782608695
2014-08-02,0,0,8.5,25.5,16.495652173913044
2014-08-03,0,0,7.5,26.7,15.982608695652173
2014-08-04,0,0,8.7,26.2,16.93913043478261
2014-08-05,0,0,10.5,23.2,16.8
2014-08-06,0,0,9.9,19.6,14.42608695652174
2014-08-07,0,0,4.0,18.1,11.339130434782609
2014-08-08,0,0,4.2,17.3,10.869565217391305
2014-08-09,0,0,4.2,19.5,11.343478260869565
2014-08-10,0,0,6.6,25.1,13.769565217391305
2014-08-11,0,0,6.7,28.4,15.508695652173913
2014-08-12,0,0,12.3,24.2,18.026086956521738
2014-08-13,0,0,10.8,25.6,17.18695652173913
2014-08-14,0,0,9.7,25.8,16.77391304347826
2014-08-15,0,0,11.5,20.5,15.1
2014-08-16,0,0,12.1,21.7,15.660869565217391
2014-08-17,0,0,7.3,24.3,14.57391304347826
2014-08-18,0,0,8.6,22.1,14.734782608695653
2014-08-19,0,0,7.0,20.3,14.517391304347825
2014-08-20,0,0,3.5,19.8,11.608695652173912
2014-08-21,0,0,8.1,17.0,11.821739130434782
2014-08-22,0,0,4.1,18.0,8.634782608695652
2014-08-23,0,0,3.5,19.0,9.578260869565218
2014-08-24,0,0,3.3,20.3,10.369565217391305
2014-08-25,0,0,6.5,19.1,12.747826086956522
2014-08-26,0,0,11.8,22.3,16.160869565217393
2014-08-27,0,0,13.0,18.0,15.57391304347826
2014-08-28,0,0,6.5,18.0,13.047826086956523
2014-08-29,0,0,6.7,13.9,9.58695652173913
2014-08-30,0,0,5.2,10.3,7.6521739130434785
2014-08-31,0,0,2.9,11.2,6.6695652173913045
2014-09-01,0,0,7.5,10.6,8.743478260869566
2014-09-02,0,0,5.7,12.2,8.265217391304347
2014-09-03,0,0,2.1,16.2,6.878260869565217
2014-09-04,0,0,0.8,19.8,7.730434782608696
2014-09-05,0,0,2.4,23.4,9.3
2014-09-06,0,0,4.5,24.3,11.547826086956523
2014-09-07,0,0,7.9,20.8,13.556521739130435
2014-09-08,0,0,4.2,16.1,9.595652173913043
2014-09-09,0,0,1.0,13.3,5.8130434782608695
2014-09-10,0,0,-2.0,10.2,4.708695652173913
2014-09-11,0,0,-3.2,17.1,3.382608695652174
2014-09-12,0,0,0.2,16.8,7.965217391304348
2014-09-13,0,0,0.2,21.3,8.304347826086957
2014-09-14,0,0,1.9,23.0,9.517391304347827
2014-09-15,0,0,3.7,23.9,10.708695652173914
2014-09-16,0,0,3.9,22.8,11.26086956521739
2014-09-17,0,0,7.1,18.8,11.986956521739131
2014-09-18,0,0,9.2,14.0,10.9
2014-09-19,0,0,9.0,14.1,10.826086956521738
2014-09-20,0,0,4.1,23.9,11.252173913043478
2014-09-21,0,0,7.5,23.0,13.147826086956522
2014-09-22,0,0,8.9,16.5,13.295652173913043
2014-09-23,0,0,0.0,12.9,7.71304347826087
2014-09-24,0,0,5.6,11.1,7.71304347826087
2014-09-25,0,0,3.3,13.2,7.3478260869565215
2014-09-26,0,0,0.0,11.0,3.256521739130435
2014-09-27,0,0,0.0,14.4,5.382608695652174
2014-09-28,0,0,3.8,20.1,9.330434782608696
2014-09-29,0,0,5.8,14.5,9.443478260869565
2014-09-30,0,0,2.9,12.2,5.613043478260869
2014-10-01,0,0,2.8,6.6,4.695652173913044
2014-10-02,0,0,-3.3,9.3,1.5956521739130434
2014-10-03,0,0,5.7,10.7,7.926086956521739
2014-10-04,0,0,8.6,15.8,11.860869565217392
2014-10-05,0,0,8.4,16.2,11.230434782608695
2014-10-06,0,0,10.2,16.5,12.95217391304348
2014-10-07,0,0,4.3,13.5,8.917391304347825
2014-10-08,0,0,5.2,15.9,9.169565217391305
2014-10-09,0,0,7.6,12.9,10.269565217391305
2014-10-10,0,0,6.7,12.3,9.404347826086957
2014-10-11,0,0,3.4,8.0,5.078260869565217
2014-10-12,0,0,3.1,5.4,4.282608695652174
2014-10-13,0,0,3.1,6.5,4.791304347826087
2014-10-14,0,0,0.6,4.3,2.717391304347826
2014-10-15,0,0,-1.9,5.9,1.0869565217391304
2014-10-16,0,0,1.9,7.5,3.3391304347826085
2014-10-17,0,0,3.8,7.1,5.317391304347826
2014-10-18,0,0,4.5,8.8,6.456521739130435
2014-10-19,0,0,5.8,7.8,6.78695652173913
2014-10-20,0,0,2.2,5.2,4.3130434782608695
2014-10-21,0,0,1.1,5.7,3.139130434782609
2014-10-22,8.0,8.0,0.2,4.3,1.6565217391304348
2014-10-23,0,-8.0,0.2,2.6,1.0521739130434782
2014-10-24,0,0,-0.8,5.2,0.5434782608695652
2014-10-25,1.0,1.0,-2.1,0.5,-1.291304347826087
2014-10-26,24.0,23.0,-1.7,4.9,-0.4478260869565217
2014-10-27,25.0,1.0,-5.8,2.4,-2.3043478260869565
2014-10-28,33.0,8.0,0.1,5.9,2.7043478260869565
2014-10-29,30.0,-3.0,2.2,5.6,3.3173913043478263
2014-10-30,23.0,-7.0,1.1,3.8,2.6739130434782608
2014-10-31,20.0,-3.0,-1.3,4.9,1.1043478260869566
2014-11-01,18.0,-2.0,-1.1,5.2,0.7565217391304347
2014-11-02,17.0,-1.0,-1.6,5.1,1.6434782608695653
2014-11-03,17.0,0.0,2.4,4.9,3.417391304347826
2014-11-04,5.0,-12.0,1.3,5.5,3.1826086956521737
2014-11-05,2.0,-3.0,-0.6,6.4,1.2608695652173914
2014-11-06,0,-2.0,4.4,8.8,6.71304347826087
2014-11-07,0,0,0.8,6.6,3.034782608695652
2014-11-08,0,0,2.8,6.9,5.352173913043479
2014-11-09,0,0,-1.0,4.4,0.9478260869565217
2014-11-10,0,0,-7.9,2.6,-3.7956521739130435
2014-11-11,0,0,-11.3,-4.1,-7.7043478260869565
2014-11-12,0,0,-15.8,-5.8,-12.752173913043478
2014-11-13,0,0,-17.2,-6.1,-13.8
2014-11-14,0,0,-17.2,-5.4,-14.06842105263158
2014-11-15,0,0,-16.2,-2.1,-12.956521739130435
2014-11-16,0,0,-10.3,2.1,-7.273913043478261
2014-11-17,0,0,-7.2,2.3,-4.326086956521739
2014-11-18,0,0,-2.8,5.4,0.19565217391304351
2014-11-19,5.0,5.0,-0.8,7.2,1.6565217391304348
2014-11-20,7.0,2.0,-0.3,4.3,2.282608695652174
2014-11-21,6.0,-1.0,0.0,3.1,1.9608695652173913
2014-11-22,12.0,6.0,-2.3,0.5,-0.8869565217391304
2014-11-23,18.0,6.0,-2.2,0.1,-1.065217391304348
2014-11-24,19.0,1.0,-1.7,-0.8,-1.1869565217391305
2014-11-25,29.0,10.0,-2.9,0.2,-1.1565217391304348
2014-11-26,43.0,14.0,-3.7,-2.4,-3.0608695652173914
2014-11-27,84.0,41.0,-3.9,4.2,1.317391304347826
2014-11-28,112.0,28.0,-20.3,-4.9,-14.61304347826087
2014-11-29,106.0,-6.0,-29.8,-18.2,-24.713043478260868
2014-11-30,106.0,0.0,-23.2,-6.7,-18.839130434782607
2014-12-01,111.0,5.0,-13.7,-5.2,-8.891304347826086
2014-12-02,110.0,-1.0,-12.5,-6.7,-9.917391304347825
2014-12-03,112.0,2.0,-14.4,-6.8,-11.452173913043477
2014-12-04,113.0,1.0,-13.6,-4.7,-10.891304347826088
2014-12-05,114.0,1.0,-11.4,-3.2,-8.639130434782608
2014-12-06,125.0,11.0,-7.2,3.7,-0.2043478260869565
2014-12-07,125.0,0.0,-0.8,3.5,1.2
2014-12-08,129.0,4.0,2.0,5.3,3.5043478260869563
2014-12-09,130.0,1.0,1.0,3.4,2.1652173913043478
2014-12-10,140.0,10.0,0.3,2.3,1.0956521739130434
2014-12-11,159.0,19.0,-1.3,0.8,0.11304347826086956
2014-12-12,161.0,2.0,-2.5,0.4,-1.1782608695652175
2014-12-13,160.0,-1.0,-8.7,-1.9,-6.208695652173913
2014-12-14,161.0,1.0,-11.4,-3.6,-8.7
2014-12-15,169.0,8.0,-12.4,-4.6,-10.069565217391304
2014-12-16,169.0,0.0,-4.2,0.7,-1.9304347826086956
2014-12-17,167.0,-2.0,-2.1,0.7,-0.9869565217391304
2014-12-18,173.0,6.0,-5.5,-0.2,-2.365217391304348
2014-12-19,179.0,6.0,-2.2,0.3,-0.6347826086956522
2014-12-20,189.0,10.0,-1.7,0.1,-0.9043478260869565
2014-12-21,194.0,5.0,-1.2,0.5,-0.34782608695652173
2014-12-22,193.0,-1.0,-2.7,0.0,-1.7739130434782608
2014-12-23,202.0,9.0,-3.5,0.5,-1.482608695652174
2014-12-24,206.0,4.0,-6.3,-1.9,-3.4130434782608696
2014-12-25,203.0,-3.0,-12.2,-4.0,-7.452173913043478
2014-12-26,203.0,0.0,-10.4,-2.9,-7.534782608695652
2014-12-27,214.0,11.0,-3.5,-0.6,-2.1130434782608694
2014-12-28,210.0,-4.0,-7.6,-4.7,-6.069565217391305
2014-12-29,203.0,-7.0,-19.3,-10.0,-15.4
2014-12-30,206.0,3.0,-22.7,-8.6,-17.678260869565218
2014-12-31,214.0,8.0,-10.3,-2.9,-6.908695652173913
2015-01-01,217.0,3.0,-4.9,3.5,-2.3347826086956522
2015-01-02,222.0,5.0,-2.9,5.4,1.8130434782608695
2015-01-03,217.0,-5.0,-14.6,-4.6,-9.365217391304348
2015-01-04,226.0,9.0,-18.9,-1.4,-15.330434782608696
2015-01-05,243.0,17.0,-15.9,2.1,-7.452173913043478
2015-01-06,256.0,13.0,-1.0,6.6,4.308695652173913
2015-01-07,252.0,-4.0,-3.6,6.7,2.5043478260869567
2015-01-08,248.0,-4.0,-5.8,-0.1,-3.1043478260869564
2015-01-09,259.0,11.0,-7.0,7.3,-2.11304347826087
2015-01-10,263.0,4.0,-3.3,3.5,0.20000000000000004
2015-01-11,259.0,-4.0,-8.6,1.4,-4.739130434782608
2015-01-12,253.0,-6.0,-9.5,0.1,-6.017391304347826
2015-01-13,255.0,2.0,-5.0,6.1,0.5652173913043479
2015-01-14,251.0,-4.0,-2.4,7.3,0.19565217391304346
2015-01-15,262.0,11.0,-1.3,4.1,1.6869565217391305
2015-01-16,260.0,-2.0,-3.6,1.5,-0.4565217391304348
2015-01-17,267.0,7.0,-3.1,0.6,-1.4478260869565218
2015-01-18,285.0,18.0,-3.8,2.3,-0.24347826086956523
2015-01-19,280.0,-5.0,-2.7,-0.1,-1.373913043478261
2015-01-20,281.0,1.0,-4.2,-0.1,-2.691304347826087
2015-01-21,289.0,8.0,-2.9,4.7,0.3217391304347826
2015-01-22,294.0,5.0,0.5,5.0,2.9260869565217393
2015-01-23,293.0,-1.0,3.3,6.9,4.730434782608696
2015-01-24,278.0,-15.0,0.2,7.8,3.4
2015-01-25,264.0,-14.0,3.2,7.4,5.552173913043478
2015-01-26,252.0,-12.0,2.4,9.3,5.473913043478261
2015-01-27,240.0,-12.0,1.9,6.3,3.4043478260869566
2015-01-28,235.0,-5.0,-5.7,3.3,-1.6695652173913043
2015-01-29,246.0,11.0,-5.3,4.5,-0.9695652173913043
2015-01-30,251.0,5.0,0.7,5.3,3.0304347826086957
2015-01-31,253.0,2.0,-4.7,4.3,-0.8652173913043478
2015-02-01,265.0,12.0,-3.0,1.9,-0.5739130434782609
2015-02-02,268.0,3.0,-1.5,0.9,-0.23043478260869565
2015-02-03,263.0,-5.0,-4.0,1.9,0.3695652173913043
2015-02-04,262.0,-1.0,-6.0,2.5,-2.1478260869565218
2015-02-05,277.0,15.0,-1.8,4.5,0.8782608695652174
2015-02-06,278.0,1.0,1.0,5.0,2.4043478260869566
2015-02-07,284.0,6.0,0.7,3.5,2.017391304347826
2015-02-08,281.0,-3.0,0.7,4.1,2.0739130434782607
2015-02-09,289.0,8.0,-0.6,4.2,0.6956521739130435
2015-02-10,287.0,-2.0,-0.7,6.2,1.2304347826086957
2015-02-11,293.0,6.0,-0.4,3.5,1.5956521739130436
2015-02-12,298.0,5.0,1.0,4.8,3.0608695652173914
2015-02-13,293.0,-5.0,3.2,6.4,4.178260869565217
2015-02-14,288.0,-5.0,-3.3,4.9,0.4956521739130435
2015-02-15,292.0,4.0,-7.1,9.9,-2.3347826086956522
2015-02-16,295.0,3.0,-6.7,5.0,-2.591304347826087
2015-02-17,301.0,6.0,-5.8,13.0,-0.8434782608695651
2015-02-18,281.0,-20.0,-2.6,8.1,1.3043478260869565
2015-02-19,265.0,-16.0,1.3,4.5,3.0391304347826087
2015-02-20,295.0,30.0,-6.0,4.8,-0.7565217391304349
2015-02-21,267.0,-28.0,-6.3,3.5,-2.243478260869565
2015-02-22,285.0,18.0,-9.1,11.1,-3.2043478260869565
2015-02-23,258.0,-27.0,-3.5,12.7,0.9608695652173913
2015-02-24,259.0,1.0,1.2,8.4,4.1869565217391305
2015-02-25,274.0,15.0,-6.4,2.2,-2.752173913043478
2015-02-26,264.0,-10.0,-2.9,5.8,-0.3869565217391305
2015-02-27,258.0,-6.0,-7.0,0.3,-3.5347826086956524
2015-02-28,254.0,-4.0,-13.6,4.1,-7.21304347826087
2015-03-01,268.0,14.0,-8.9,2.8,-3.5304347826086957
2015-03-02,251.0,-17.0,-6.6,-0.1,-3.4217391304347826
2015-03-03,261.0,10.0,-14.5,3.6,-7.726086956521739
2015-03-04,264.0,3.0,-10.3,5.4,-4.578260869565217
2015-03-05,251.0,-13.0,-0.5,5.5,1.3391304347826087
2015-03-06,243.0,-8.0,0.8,6.7,3.5565217391304347
2015-03-07,259.0,16.0,-2.6,11.1,2.8434782608695652
2015-03-08,279.0,20.0,-3.3,12.5,1.9478260869565218
2015-03-09,267.0,-12.0,4.0,9.6,5.921739130434783
2015-03-10,280.0,13.0,-2.6,9.7,3.4391304347826086
2015-03-11,275.0,-5.0,1.4,7.5,4.217391304347826
2015-03-12,270.0,-5.0,0.7,6.0,2.7119999999999997
2015-03-13,269.0,-1.0,3.3,10.5,5.630434782608695
2015-03-14,278.0,9.0,0.0,6.6,2.360869565217391
2015-03-15,264.0,-14.0,-5.8,0.2,-2.4478260869565216
2015-03-16,265.0,1.0,-10.1,7.8,-3.0391304347826087
2015-03-17,266.0,1.0,-5.9,7.0,-0.3521739130434783
2015-03-18,249.0,-17.0,0.3,5.6,2.0391304347826087
2015-03-19,268.0,19.0,-0.3,8.1,1.8347826086956522
2015-03-20,285.0,17.0,0.2,4.7,2.265217391304348
2015-03-21,292.0,7.0,-0.9,6.0,1.0217391304347827
2015-03-22,296.0,4.0,-4.5,5.3,-0.7347826086956522
2015-03-23,300.0,4.0,-2.8,5.3,0.3695652173913043
2015-03-24,296.0,-4.0,-5.0,7.0,-0.9347826086956522
2015-03-25,293.0,-3.0,-0.5,7.0,1.6782608695652175
2015-03-26,300.0,7.0,2.7,9.2,5.256521739130434
2015-03-27,286.0,-14.0,3.7,7.3,6.278260869565218
2015-03-28,263.0,-23.0,0.0,5.2,1.9565217391304348
2015-03-29,278.0,15.0,0.3,4.7,1.3043478260869565
2015-03-30,288.0,10.0,0.1,3.6,1.9
2015-03-31,292.0,4.0,-1.5,4.9,0.8347826086956522
2015-04-01,287.0,-5.0,-4.1,5.0,-1.0826086956521739
2015-04-02,284.0,-3.0,-6.7,3.1,-2.465217391304348
2015-04-03,290.0,6.0,-2.1,4.3,-0.2956521739130435
2015-04-04,288.0,-2.0,-4.2,2.7,-1.0347826086956522
2015-04-05,288.0,0.0,-6.4,6.7,-1.682608695652174
2015-04-06,281.0,-7.0,-6.6,6.7,-1.5391304347826087
2015-04-07,266.0,-15.0,-7.3,7.7,-1.0130434782608695
2015-04-08,263.0,-3.0,-7.3,8.4,-1.0434782608695652
2015-04-09,262.0,-1.0,-3.9,8.5,0.9304347826086956
2015-04-10,269.0,7.0,-0.1,3.9,1.9826086956521738
2015-04-11,269.0,0.0,-4.7,0.3,-2.4956521739130433
2015-04-12,267.0,-2.0,-4.8,1.6,-2.621739130434783
2015-04-13,293.0,26.0,-2.4,0.2,-1.3695652173913044
2015-04-14,278.0,-15.0,-6.4,2.9,-2.230434782608696
2015-04-15,275.0,-3.0,-2.7,4.5,-0.5304347826086957
2015-04-16,285.0,10.0,1.7,10.3,4.339130434782609
2015-04-17,282.0,-3.0,1.8,8.6,4.504347826086956
2015-04-18,281.0,-1.0,-4.9,11.8,1.1260869565217393
2015-04-19,289.0,8.0,-2.3,15.1,3.982608695652174
2015-04-20,290.0,1.0,-0.6,15.4,5.734782608695652
2015-04-21,288.0,-2.0,2.9,9.6,5.978260869565218
2015-04-22,281.0,-7.0,-3.9,4.4,0.11739130434782609
2015-04-23,287.0,6.0,-3.2,3.2,-0.4956521739130435
2015-04-24,285.0,-2.0,-4.5,4.3,-1.0956521739130434
2015-04-25,278.0,-7.0,-3.0,7.4,0.591304347826087
2015-04-26,275.0,-3.0,-1.6,5.3,1.5956521739130436
2015-04-27,274.0,-1.0,2.7,9.3,5.621739130434783
2015-04-28,242.0,-32.0,1.2,10.6,7.073913043478261
2015-04-29,217.0,-25.0,-1.0,4.8,1.2695652173913043
2015-04-30,213.0,-4.0,0.7,5.1,2.247826086956522
2015-05-01,202.0,-11.0,0.4,6.1,2.6956521739130435
2015-05-02,184.0,-18.0,-3.0,7.0,1.3695652173913044
2015-05-03,183.0,-1.0,-4.8,10.5,1.182608695652174
2015-05-04,169.0,-14.0,1.2,8.3,4.260869565217392
2015-05-05,150.0,-19.0,-3.2,7.6,0.8521739130434782
2015-05-06,138.0,-12.0,-1.8,8.7,1.7260869565217392
2015-05-07,129.0,-9.0,-2.7,13.0,3.0521739130434784
2015-05-08,112.0,-17.0,-1.6,15.0,5.1869565217391305
2015-05-09,95.0,-17.0,0.7,16.6,7.160869565217391
2015-05-10,70.0,-25.0,1.8,15.4,8.352173913043478
2015-05-11,43.0,-27.0,2.7,18.9,9.121739130434783
2015-05-12,8.0,-35.0,1.7,19.0,9.052173913043479
2015-05-13,0,-8.0,2.9,14.0,8.095652173913043
2015-05-14,0,0,2.4,16.3,8.265217391304349
2015-05-15,0,0,1.9,15.1,7.3
2015-05-16,0,0,2.2,11.3,6.291304347826087
2015-05-17,0,0,3.5,14.3,6.239130434782608
2015-05-18,0,0,1.0,15.6,7.165217391304347
2015-05-19,0,0,0.5,16.4,7.565217391304348
2015-05-20,0,0,1.6,18.7,8.943478260869565
2015-05-21,0,0,2.1,20.0,9.695652173913043
2015-05-22,0,0,5.2,19.1,11.008695652173913
2015-05-23,0,0,5.5,18.1,11.18695652173913
2015-05-24,0,0,3.1,14.0,8.278260869565218
2015-05-25,0,0,5.3,14.2,8.117391304347827
2015-05-26,0,0,2.8,19.0,9.28695652173913
2015-05-27,0,0,5.2,20.5,12.443478260869565
2015-05-28,0,0,5.7,18.1,12.434782608695652
2015-05-29,0,0,6.6,17.1,11.430434782608696
2015-05-30,0,0,2.7,15.0,9.317391304347826
2015-05-31,0,0,0.1,17.3,8.317391304347826
2015-06-01,0,0,3.3,18.2,10.178260869565218
2015-06-02,0,0,7.6,15.2,10.591304347826087
2015-06-03,0,0,6.9,15.7,9.991304347826087
2015-06-04,0,0,5.9,16.5,10.495652173913044
2015-06-05,0,0,5.7,19.8,11.782608695652174
2015-06-06,0,0,5.0,21.8,12.843478260869565
2015-06-07,0,0,5.5,22.8,14.082608695652175
2015-06-08,0,0,10.3,21.1,16.321739130434782
2015-06-09,0,0,3.1,20.3,11.247826086956522
2015-06-10,0,0,3.9,19.4,11.256521739130434
2015-06-11,0,0,8.4,16.9,11.452173913043477
2015-06-12,0,0,1.8,13.6,7.308695652173913
2015-06-13,0,0,-1.0,14.8,6.891304347826087
2015-06-14,0,0,2.3,17.3,9.5
2015-06-15,0,0,2.3,20.2,10.295652173913043
2015-06-16,0,0,5.0,18.8,11.847826086956522
2015-06-17,0,0,6.3,15.4,10.61304347826087
2015-06-18,0,0,5.4,13.6,8.695652173913043
2015-06-19,0,0,3.1,10.9,6.291304347826087
2015-06-20,0,0,1.9,12.6,6.6521739130434785
2015-06-21,0,0,4.5,19.0,9.81304347826087
2015-06-22,0,0,4.9,19.2,11.556521739130435
2015-06-23,0,0,4.5,18.2,11.9
2015-06-24,0,0,7.1,17.2,11.452173913043477
2015-06-25,0,0,10.8,14.5,12.356521739130434
2015-06-26,0,0,3.6,22.5,12.378260869565217
2015-06-27,0,0,7.9,25.6,15.434782608695652
2015-06-28,0,0,7.1,27.1,16.52173913043478
2015-06-29,0,0,13.1,26.8,18.508695652173913
2015-06-30,0,0,10.3,21.2,15.039130434782608
2015-07-01,0,0,5.8,24.9,12.930434782608696
2015-07-02,0,0,7.7,26.0,15.8
2015-07-03,0,0,7.9,26.6,16.421739130434784
2015-07-04,0,0,5.6,25.4,14.682608695652174
2015-07-05,0,0,6.2,25.1,15.334782608695653
2015-07-06,0,0,6.7,24.7,15.07391304347826
2015-07-07,0,0,8.2,28.2,16.917391304347827
2015-07-08,0,0,10.4,27.1,19.108695652173914
2015-07-09,0,0,9.4,26.4,17.982608695652175
2015-07-10,0,0,10.7,24.5,17.72608695652174
2015-07-11,0,0,11.5,20.7,14.504347826086956
2015-07-12,0,0,8.4,17.7,11.48695652173913
2015-07-13,0,0,7.4,15.9,11.41304347826087
2015-07-14,0,0,3.1,17.4,9.939130434782609
2015-07-15,0,0,9.8,14.6,11.68695652173913
2015-07-16,0,0,1.0,17.4,7.8304347826086955
2015-07-17,0,0,3.7,20.1,10.617391304347827
2015-07-18,0,0,9.4,25.2,16.308695652173913
2015-07-19,0,0,8.8,25.9,17.243478260869566
2015-07-20,0,0,13.6,22.3,16.91304347826087
2015-07-21,0,0,6.3,16.4,11.756521739130434
2015-07-22,0,0,7.3,16.7,11.034782608695652
2015-07-23,0,0,5.9,16.3,10.491304347826087
2015-07-24,0,0,8.0,13.2,10.265217391304347
2015-07-25,0,0,5.7,12.3,7.91304347826087
2015-07-26,0,0,5.0,15.6,8.082608695652175
2015-07-27,0,0,2.2,17.0,7.960869565217391
2015-07-28,0,0,8.0,15.4,11.465217391304348
2015-07-29,0,0,9.6,17.7,13.31304347826087
2015-07-30,0,0,0.0,22.8,11.343478260869565
2015-07-31,0,0,7.8,23.3,14.582608695652175
2015-08-01,0,0,5.7,22.6,13.830434782608696
2015-08-02,0,0,6.5,23.6,13.7
2015-08-03,0,0,9.0,18.8,13.539130434782608
2015-08-04,0,0,2.7,17.4,9.482608695652173
2015-08-05,0,0,5.7,10.4,6.873913043478261
2015-08-06,0,0,4.6,16.5,9.065217391304348
2015-08-07,0,0,9.1,15.6,12.07391304347826
2015-08-08,0,0,8.2,14.3,11.234782608695653
2015-08-09,0,0,7.3,15.4,10.247826086956522
2015-08-10,0,0,4.3,20.0,10.704347826086957
2015-08-11,0,0,6.4,21.0,12.3
2015-08-12,0,0,5.8,24.2,13.469565217391304
2015-08-13,0,0,10.0,21.8,15.5
2015-08-14,0,0,6.3,23.3,13.647826086956522
2015-08-15,0,0,8.4,18.5,10.543478260869565
2015-08-16,0,0,3.8,18.1,9.134782608695652
2015-08-17,0,0,3.9,22.0,11.617391304347827
2015-08-18,0,0,6.6,25.2,13.143478260869566
2015-08-19,0,0,8.2,22.9,15.004347826086956
2015-08-20,0,0,4.7,19.1,12.334782608695653
2015-08-21,0,0,3.4,15.6,10.130434782608695
2015-08-22,0,0,3.7,18.2,10.61304347826087
2015-08-23,0,0,5.7,18.2,11.356521739130434
2015-08-24,0,0,5.8,16.8,10.695652173913043
2015-08-25,0,0,2.5,16.3,9.57391304347826
2015-08-26,0,0,2.2,21.8,10.021739130434783
2015-08-27,0,0,7.7,19.6,13.530434782608696
2015-08-28,0,0,9.0,15.5,12.052173913043479
2015-08-29,0,0,5.9,11.4,7.869565217391305
2015-08-30,0,0,2.9,7.6,5.143478260869565
2015-08-31,0,0,5.2,10.5,6.739130434782608
2015-09-01,0,0,3.7,7.0,5.434782608695652
2015-09-02,0,0,0.5,6.3,2.582608695652174
2015-09-03,0,0,0.2,5.0,1.9304347826086956
2015-09-04,0,0,0.6,7.3,2.2043478260869565
2015-09-05,0,0,-2.1,11.1,2.639130434782609
2015-09-06,0,0,0.8,13.2,5.743478260869566
2015-09-07,0,0,4.6,13.0,7.256521739130434
2015-09-08,0,0,5.8,12.7,8.052173913043479
2015-09-09,0,0,8.8,12.4,10.508695652173913
2015-09-10,0,0,2.4,22.1,9.382608695652173
2015-09-11,0,0,4.2,24.3,11.256521739130434
2015-09-12,0,0,3.6,21.6,11.039130434782608
2015-09-13,0,0,2.8,16.5,8.469565217391304
2015-09-14,0,0,-0.6,5.9,2.7695652173913046
2015-09-15,0,0,-2.3,10.3,2.4304347826086956
2015-09-16,0,0,0.4,7.9,3.0130434782608697
2015-09-17,0,0,4.3,10.5,6.086956521739131
2015-09-18,0,0,5.5,9.8,6.913043478260869
2015-09-19,0,0,6.8,10.8,8.669565217391304
2015-09-20,0,0,1.6,10.4,7.117391304347826
2015-09-21,0,0,-1.6,10.1,1.9043478260869564
2015-09-22,0,0,2.5,6.5,3.9347826086956523
2015-09-23,0,0,3.9,5.0,4.560869565217391
2015-09-24,0,0,3.1,5.1,3.739130434782609
2015-09-25,0,0,1.6,9.7,4.08695652173913
2015-09-26,0,0,-1.0,8.2,3.3043478260869565
2015-09-27,0,0,-2.0,12.4,2.869565217391304
2015-09-28,0,0,-1.2,17.0,4.608695652173913
2015-09-29,0,0,2.2,19.0,7.778260869565218
2015-09-30,0,0,4.9,19.0,9.921739130434782
2015-10-01,0,0,2.1,20.2,9.147826086956522
2015-10-02,0,0,5.6,14.6,9.017391304347827
2015-10-03,0,0,-1.7,9.7,3.3260869565217392
2015-10-04,0,0,-2.2,16.6,3.482608695652174
2015-10-05,0,0,0.6,16.2,5.482608695652174
2015-10-06,0,0,5.1,15.2,8.991304347826087
2015-10-07,0,0,0.0,10.6,8.321739130434782
2015-10-08,0,0,6.7,12.2,9.021739130434783
2015-10-09,0.0,0.0,8.9,13.6,10.830434782608696
2015-10-10,0,0.0,3.4,10.2,7.339130434782609
2015-10-11,0,0,2.5,7.1,4.278260869565218
2015-10-12,0,0,1.1,9.7,3.365217391304348
2015-10-13,0,0,-0.5,8.8,2.3434782608695652
2015-10-14,0,0,-3.1,10.8,1.791304347826087
2015-10-15,0,0,-2.0,12.0,2.0782608695652174
2015-10-16,0,0,1.4,18.8,6.782608695652174
2015-10-17,0.0,0.0,7.8,10.6,9.378260869565217
2015-10-18,0,0.0,3.9,13.1,7.1521739130434785
2015-10-19,0,0,4.3,8.2,6.156521739130435
2015-10-20,0,0,-0.5,10.5,3.465217391304348
2015-10-21,0,0,2.9,9.3,6.6
2015-10-22,0,0,1.5,4.8,3.026086956521739
2015-10-23,0,0,2.1,7.0,4.256521739130434
2015-10-24,0,0,-3.8,6.7,0.11304347826086954
2015-10-25,0,0,-2.6,1.7,-1.2130434782608697
2015-10-26,0,0,-2.6,10.2,0.5043478260869565
2015-10-27,0,0,-1.9,7.2,1.4565217391304348
2015-10-28,0,0,-1.0,6.9,4.217391304347826
2015-10-29,0,0,2.8,6.2,4.552173913043478
2015-10-30,3.0,3.0,0.4,4.3,2.4608695652173913
2015-10-31,0.0,-3.0,0.1,3.2,1.8130434782608695
2015-11-01,6.0,6.0,-2.1,1.6,-0.2608695652173913
2015-11-02,3.0,-3.0,-6.9,-1.3,-3.9782608695652173
2015-11-03,3.0,0.0,-7.0,-1.7,-5.104347826086957
2015-11-04,5.0,2.0,-5.1,1.3,-2.3521739130434782
2015-11-05,4.0,-1.0,-6.7,0.3,-2.617391304347826
2015-11-06,6.0,2.0,-4.0,4.6,0.03043478260869562
2015-11-07,6.0,0.0,1.3,4.9,2.526086956521739
2015-11-08,2.0,-4.0,-2.6,0.3,-1.7739130434782608
2015-11-09,0.0,-2.0,-4.7,-2.5,-3.217391304347826
2015-11-10,0,0.0,-7.6,0.8,-3.3217391304347825
2015-11-11,9.0,9.0,-3.6,-1.3,-2.621739130434783
2015-11-12,12.0,3.0,-3.3,-0.5,-2.4608695652173913
2015-11-13,39.0,27.0,-1.9,1.7,-0.26521739130434785
2015-11-14,47.0,8.0,-5.1,-1.8,-3.1782608695652175
2015-11-15,48.0,1.0,-7.6,-4.5,-6.534782608695652
2015-11-16,51.0,3.0,-11.9,-2.4,-7.569565217391304
2015-11-17,70.0,19.0,-3.2,0.5,-1.0434782608695652
2015-11-18,77.0,7.0,-8.7,-4.1,-5.843478260869565
2015-11-19,76.0,-1.0,-12.6,-6.4,-8.92608695652174
2015-11-20,73.0,-3.0,-14.6,-4.7,-11.595652173913043
2015-11-21,77.0,4.0,-5.7,1.0,-3.5739130434782607
2015-11-22,79.0,2.0,-1.8,3.3,0.3217391304347826
2015-11-23,82.0,3.0,-5.5,0.2,-2.1739130434782608
2015-11-24,86.0,4.0,-12.4,-6.2,-9.826086956521738
2015-11-25,82.0,-4.0,-17.1,-6.8,-14.082608695652175
2015-11-26,83.0,1.0,-11.2,-4.1,-9.195652173913043
2015-11-27,84.0,1.0,-10.6,-4.4,-8.391304347826088
2015-11-28,84.0,0.0,-9.1,-2.6,-7.147826086956521
2015-11-29,85.0,1.0,-8.0,-1.5,-5.960869565217391
2015-11-30,86.0,1.0,-8.0,-1.2,-5.639130434782609
2015-12-01,91.0,5.0,-4.5,2.8,0.46956521739130436
2015-12-02,99.0,8.0,-1.3,1.7,0.3
2015-12-03,114.0,15.0,0.0,2.1,0.6391304347826087
2015-12-04,121.0,7.0,-1.8,1.3,-0.817391304347826
2015-12-05,127.0,6.0,-1.6,-0.4,-1.0
2015-12-06,148.0,21.0,-0.7,1.1,-0.10434782608695652
2015-12-07,177.0,29.0,0.0,2.4,0.7739130434782608
2015-12-08,197.0,20.0,-0.9,1.6,0.591304347826087
2015-12-09,214.0,17.0,-2.3,0.6,-0.9043478260869565
2015-12-10,218.0,4.0,-5.8,-1.5,-3.9869565217391303
2015-12-11,218.0,0.0,-5.0,-0.7,-2.8086956521739133
2015-12-12,219.0,1.0,-4.5,-1.6,-3.1
2015-12-13,228.0,9.0,-6.1,-2.8,-4.6521739130434785
2015-12-14,228.0,0.0,-8.4,-4.4,-5.613043478260869
2015-12-15,231.0,3.0,-9.7,-0.6,-3.869565217391304
2015-12-16,230.0,-1.0,-15.2,-4.6,-10.204347826086956
2015-12-17,233.0,3.0,-11.1,-1.3,-6.908695652173913
2015-12-18,244.0,11.0,-10.3,-2.1,-6.495652173913044
2015-12-19,247.0,3.0,-6.8,-2.5,-5.008695652173913
2015-12-20,264.0,17.0,-4.3,-2.4,-3.1826086956521737
2015-12-21,264.0,0.0,-9.2,-3.5,-5.573913043478261
2015-12-22,263.0,-1.0,-13.1,-6.0,-9.326086956521738
2015-12-23,265.0,2.0,-11.4,-6.6,-8.965217391304348
2015-12-24,264.0,-1.0,-15.3,-8.8,-11.61304347826087
2015-12-25,260.0,-4.0,-18.0,-10.8,-13.743478260869566
2015-12-26,262.0,2.0,-16.8,-3.4,-9.082608695652175
2015-12-27,274.0,12.0,-4.2,-1.3,-3.308695652173913
2015-12-28,269.0,-5.0,-13.1,-4.2,-9.217391304347826
2015-12-29,268.0,-1.0,-19.2,-7.8,-15.043478260869565
2015-12-30,265.0,-3.0,-18.8,-11.6,-16.73913043478261
2015-12-31,265.0,0.0,-15.6,-4.7,-12.591304347826087
2016-01-01,268.0,3.0,-9.3,-3.5,-7.421739130434783
2016-01-02,269.0,1.0,-12.3,-6.3,-9.182608695652174
2016-01-03,269.0,0.0,-15.5,-10.4,-13.17391304347826
2016-01-04,267.0,-2.0,-20.0,-8.7,-16.482608695652175
2016-01-05,278.0,11.0,-15.6,-9.1,-11.217391304347826
2016-01-06,274.0,-4.0,-11.7,-3.8,-9.530434782608696
2016-01-07,266.0,-8.0,-15.6,-3.7,-11.769565217391305
2016-01-08,268.0,2.0,-13.0,-5.0,-9.71304347826087
2016-01-09,268.0,0.0,-12.0,-5.9,-9.160869565217391
2016-01-10,268.0,0.0,-12.5,0.2,-7.1173913043478265
2016-01-11,274.0,6.0,-7.3,1.2,-3.082608695652174
2016-01-12,278.0,4.0,-0.1,2.4,0.7652173913043478
2016-01-13,290.0,12.0,-2.5,0.8,-0.48695652173913045
2016-01-14,284.0,-6.0,-4.7,0.1,-2.743478260869565
2016-01-15,285.0,1.0,-14.7,-2.5,-9.108695652173912
2016-01-16,298.0,13.0,-5.4,1.3,-1.7782608695652173
2016-01-17,301.0,3.0,-1.0,0.8,0.21739130434782608
2016-01-18,300.0,-1.0,-2.3,0.5,-1.0695652173913044
2016-01-19,305.0,5.0,-5.2,0.0,-2.0869565217391304
2016-01-20,298.0,-7.0,-11.5,-0.2,-6.839130434782609
2016-01-21,312.0,14.0,-2.3,1.4,-0.41304347826086957
2016-01-22,338.0,26.0,-1.5,1.8,0.08695652173913043
2016-01-23,340.0,2.0,-5.6,0.3,-2.3260869565217392
2016-01-24,337.0,-3.0,-11.2,-1.6,-7.8
2016-01-25,338.0,1.0,-7.3,2.5,-2.8130434782608695
2016-01-26,348.0,10.0,0.1,3.5,1.2695652173913043
2016-01-27,360.0,12.0,-1.4,5.5,2.1913043478260867
2016-01-28,382.0,22.0,-1.7,1.6,0.4956521739130435
2016-01-29,388.0,6.0,-4.1,-0.6,-2.126086956521739
2016-01-30,389.0,1.0,-4.6,-2.0,-3.3869565217391306
2016-01-31,390.0,1.0,-9.6,-0.9,-4.9913043478260875
2016-02-01,393.0,3.0,-11.7,-4.8,-9.469565217391304
2016-02-02,395.0,2.0,-12.8,-0.6,-9.360869565217392
2016-02-03,399.0,4.0,-9.1,0.1,-4.71304347826087
2016-02-04,398.0,-1.0,-2.1,0.0,-1.3
2016-02-05,407.0,9.0,0.0,2.0,0.3782608695652174
2016-02-06,413.0,6.0,-4.7,0.1,-2.6999999999999997
2016-02-07,414.0,1.0,-6.9,2.5,-3.0217391304347827
2016-02-08,412.0,-2.0,0.1,9.6,5.839130434782609
2016-02-09,416.0,4.0,-0.9,14.3,4.321739130434783
2016-02-10,419.0,3.0,1.8,7.6,4.591304347826087
2016-02-11,413.0,-6.0,-3.2,4.0,0.11304347826086956
2016-02-12,427.0,14.0,0.0,3.8,1.891304347826087
2016-02-13,428.0,1.0,-2.3,0.1,-0.8913043478260869
2016-02-14,440.0,12.0,-1.7,3.5,0.7739130434782608
2016-02-15,439.0,-1.0,-1.5,2.5,0.8
2016-02-16,447.0,8.0,-1.8,0.4,-0.7086956521739131
2016-02-17,457.0,10.0,-3.7,2.5,-1.5739130434782609
2016-02-18,463.0,6.0,0.1,3.0,1.1217391304347826
2016-02-19,455.0,-8.0,-1.7,3.1,0.06086956521739132
2016-02-20,443.0,-12.0,-4.0,0.8,-1.7304347826086957
2016-02-21,459.0,16.0,-7.6,2.3,-3.1565217391304348
2016-02-22,453.0,-6.0,-8.4,1.2,-2.591304347826087
2016-02-23,461.0,8.0,-13.1,4.3,-6.391304347826087
2016-02-24,467.0,6.0,-4.6,7.1,0.39565217391304347
2016-02-25,470.0,3.0,-1.2,8.4,1.991304347826087
2016-02-26,479.0,9.0,-1.2,5.1,3.426086956521739
2016-02-27,468.0,-11.0,-4.8,7.2,0.32608695652173914
2016-02-28,478.0,10.0,0.0,2.5,0.717391304347826
2016-02-29,458.0,-20.0,-3.2,3.2,-0.9304347826086956
2016-03-01,478.0,20.0,-4.7,-2.0,-3.3434782608695652
2016-03-02,476.0,-2.0,-4.1,4.3,-0.24782608695652178
2016-03-03,481.0,5.0,-1.1,3.1,0.3739130434782609
2016-03-04,500.0,19.0,-0.5,1.5,0.05217391304347825
2016-03-05,521.0,21.0,-0.9,2.6,0.6260869565217392
2016-03-06,529.0,8.0,-3.1,2.1,-0.5956521739130435
2016-03-07,517.0,-12.0,-2.7,6.1,-0.16956521739130442
2016-03-08,517.0,0.0,-3.6,2.9,-1.6043478260869566
2016-03-09,522.0,5.0,-3.8,5.7,-1.117391304347826
2016-03-10,560.0,38.0,-3.4,0.8,-1.0
2016-03-11,555.0,-5.0,-4.3,3.7,-1.2782608695652173
2016-03-12,571.0,16.0,-2.7,0.6,-1.1043478260869566
2016-03-13,573.0,2.0,-5.4,8.5,-1.691304347826087
2016-03-14,566.0,-7.0,-4.2,2.1,-2.0739130434782607
2016-03-15,561.0,-5.0,-3.5,2.4,-1.9521739130434783
2016-03-16,559.0,-2.0,-9.1,2.6,-4.439130434782609
2016-03-17,559.0,0.0,-13.4,5.0,-5.678260869565218
2016-03-18,570.0,11.0,-12.6,8.4,-5.517391304347826
2016-03-19,578.0,8.0,-3.3,5.6,1.4478260869565218
2016-03-20,586.0,8.0,0.5,8.3,3.765217391304348
2016-03-21,584.0,-2.0,-1.9,6.7,2.1782608695652175
2016-03-22,571.0,-13.0,-2.4,8.4,1.391304347826087
2016-03-23,574.0,3.0,-0.3,3.0,0.8913043478260869
2016-03-24,579.0,5.0,-2.6,3.3,-0.17391304347826092
2016-03-25,572.0,-7.0,-8.2,5.4,-1.408695652173913
2016-03-26,582.0,10.0,-2.2,6.4,0.5565217391304348
2016-03-27,590.0,8.0,-2.5,2.7,-0.09130434782608696
2016-03-28,577.0,-13.0,-5.6,5.9,-1.7652173913043478
2016-03-29,581.0,4.0,-3.8,15.9,1.7260869565217392
2016-03-30,590.0,9.0,-2.0,17.2,4.473913043478261
2016-03-31,593.0,3.0,-2.0,16.9,4.869565217391305
2016-04-01,593.0,0.0,-1.0,15.5,5.130434782608695
2016-04-02,599.0,6.0,3.6,10.9,6.6695652173913045
2016-04-03,594.0,-5.0,1.7,11.1,4.969565217391304
2016-04-04,592.0,-2.0,0.1,5.0,2.5782608695652174
2016-04-05,581.0,-11.0,0.4,4.4,1.626086956521739
2016-04-06,582.0,1.0,1.6,11.0,4.804347826086957
2016-04-07,577.0,-5.0,-2.6,19.3,5.326086956521739
2016-04-08,588.0,11.0,5.3,14.2,9.947826086956521
2016-04-09,577.0,-11.0,-3.7,12.7,2.878260869565217
2016-04-10,577.0,0.0,-2.7,13.5,3.208695652173913
2016-04-11,573.0,-4.0,1.3,10.7,4.956521739130435
2016-04-12,577.0,4.0,0.5,5.7,2.2043478260869565
2016-04-13,575.0,-2.0,-2.4,4.0,-0.10869565217391304
2016-04-14,579.0,4.0,-5.1,10.0,0.3913043478260869
2016-04-15,570.0,-9.0,-1.6,6.6,2.482608695652174
2016-04-16,568.0,-2.0,1.1,5.7,2.8391304347826085
2016-04-17,563.0,-5.0,3.2,13.3,6.234782608695652
2016-04-18,556.0,-7.0,3.0,17.8,9.139130434782608
2016-04-19,542.0,-14.0,1.8,18.7,8.71304347826087
2016-04-20,528.0,-14.0,0.5,20.1,8.304347826086957
2016-04-21,521.0,-7.0,1.4,13.1,6.978260869565218
2016-04-22,503.0,-18.0,1.5,11.3,5.7
2016-04-23,479.0,-24.0,3.4,10.1,5.752173913043478
2016-04-24,452.0,-27.0,1.6,8.1,3.773913043478261
2016-04-25,429.0,-23.0,-1.4,7.8,1.817391304347826
2016-04-26,425.0,-4.0,-1.9,6.3,1.9652173913043478
2016-04-27,418.0,-7.0,-0.4,11.4,3.252173913043478
2016-04-28,409.0,-9.0,-1.7,10.9,3.8956521739130436
2016-04-29,387.0,-22.0,-1.1,12.7,4.613043478260869
2016-04-30,372.0,-15.0,-3.0,12.9,3.8347826086956522
2016-05-01,355.0,-17.0,0.4,18.4,7.430434782608696
2016-05-02,333.0,-22.0,3.8,17.9,9.704347826086956
2016-05-03,308.0,-25.0,5.6,11.9,7.517391304347826
2016-05-04,281.0,-27.0,0.2,10.8,5.0
2016-05-05,272.0,-9.0,-3.0,13.9,2.865217391304348
2016-05-06,263.0,-9.0,-1.4,21.0,6.543478260869565
2016-05-07,248.0,-15.0,4.3,18.4,10.57391304347826
2016-05-08,204.0,-44.0,-0.4,10.0,5.6869565217391305
2016-05-09,186.0,-18.0,-1.2,12.6,5.121739130434783
2016-05-10,163.0,-23.0,-1.2,14.4,5.98695652173913
2016-05-11,139.0,-24.0,0.9,12.8,8.408695652173913
2016-05-12,112.0,-27.0,1.2,9.9,3.734782608695652
2016-05-13,96.0,-16.0,1.1,15.2,6.0
2016-05-14,69.0,-27.0,2.1,20.2,9.1
2016-05-15,34.0,-35.0,2.6,18.9,10.643478260869564
2016-05-16,8.0,-26.0,7.5,13.9,10.395652173913044
2016-05-17,3.0,-5.0,6.6,16.1,9.621739130434783
2016-05-18,0,-3.0,4.7,12.0,8.017391304347827
2016-05-19,0,0,0.3,6.0,2.0304347826086957
2016-05-20,0,0,-0.8,4.9,1.1391304347826088
2016-05-21,0,0,0.3,12.0,3.4608695652173913
2016-05-22,0,0,1.2,11.4,6.756521739130434
2016-05-23,0,0,3.8,13.9,7.408695652173913
2016-05-24,0,0,4.2,13.5,8.356521739130434
2016-05-25,0,0,4.6,13.1,8.68695652173913
2016-05-26,0,0,4.6,10.4,7.434782608695652
2016-05-27,0,0,0.5,9.0,4.1347826086956525
2016-05-28,0,0,0.9,6.4,3.091304347826087
2016-05-29,0,0,-0.4,11.3,4.073913043478261
2016-05-30,0,0,0.7,12.7,6.043478260869565
2016-05-31,0,0,2.7,15.7,8.417391304347825
2016-06-01,0,0,6.6,12.1,8.81304347826087
2016-06-02,0,0,4.9,10.3,6.826086956521739
2016-06-03,0,0,5.0,14.1,8.030434782608696
2016-06-04,0,0,4.1,21.4,11.452173913043477
2016-06-05,0,0,4.6,24.1,12.960869565217392
2016-06-06,0.0,0.0,9.1,21.7,15.504347826086956
2016-06-07,0,0.0,5.2,20.5,12.78695652173913
2016-06-08,0,0,5.9,17.1,10.869565217391305
2016-06-09,0,0,3.1,11.5,6.613043478260869
2016-06-10,0,0,1.9,11.2,6.2
2016-06-11,0,0,2.8,10.1,5.782608695652174
2016-06-12,0,0,4.6,11.1,6.782608695652174
2016-06-13,0,0,3.1,10.0,6.004347826086956
2016-06-14,0,0,0.4,8.1,3.7956521739130435
2016-06-15,0,0,0.9,9.3,4.008695652173913
2016-06-16,0,0,3.1,7.1,4.808695652173913
2016-06-17,0,0,3.0,13.4,6.130434782608695
2016-06-18,0,0,0.8,15.7,8.269565217391305
2016-06-19,0,0,4.8,14.6,9.1
2016-06-20,0,0,3.4,18.4,10.030434782608696
2016-06-21,0,0,8.3,15.6,11.156521739130435
2016-06-22,0,0,6.3,13.4,8.678260869565218
2016-06-23,0,0,4.3,12.8,8.291304347826086
2016-06-24,0,0,5.7,14.0,9.060869565217391
2016-06-25,0,0,7.1,14.0,10.034782608695652
2016-06-26,0,0,1.9,19.6,9.578260869565218
2016-06-27,0,0,5.3,22.0,12.71304347826087
2016-06-28,0,0,5.7,21.7,13.804347826086957
2016-06-29,0,0,6.3,20.7,13.71304347826087
2016-06-30,0,0,8.8,19.5,13.660869565217391
2016-07-01,0,0,9.3,17.3,11.995652173913044
2016-07-02,0,0,9.2,14.8,11.47391304347826
2016-07-03,0,0,5.9,10.0,7.743478260869566
2016-07-04,0,0,4.6,8.5,6.517391304347826
2016-07-05,0,0,3.9,14.2,7.434782608695652
2016-07-06,0,0,5.3,16.3,10.21304347826087
2016-07-07,0,0,6.0,14.6,9.243478260869566
2016-07-08,0,0,7.4,12.0,9.769565217391305
2016-07-09,0,0,4.7,14.3,8.734782608695651
2016-07-10,0,0,7.7,14.2,10.221739130434782
2016-07-11,0,0,8.8,15.1,11.482608695652175
2016-07-12,0,0,7.2,15.6,10.804347826086957
2016-07-13,0,0,8.7,16.8,11.643478260869564
2016-07-14,0,0,7.6,14.0,9.834782608695653
2016-07-15,0,0,7.3,15.2,9.126086956521739
2016-07-16,0,0,7.6,19.9,11.608695652173914
2016-07-17,0,0,6.1,20.6,11.321739130434782
2016-07-18,0,0,5.2,20.0,11.034782608695652
2016-07-19,0,0,8.5,17.9,12.752173913043478
2016-07-20,0,0,10.2,17.8,12.465217391304348
2016-07-21,0,0,8.2,19.4,13.252173913043478
2016-07-22,0,0,6.8,16.5,11.765217391304347
2016-07-23,0,0,9.8,16.8,12.391304347826088
2016-07-24,0.0,0.0,10.5,20.5,14.07391304347826
2016-07-25,0.0,0.0,9.4,23.2,16.117391304347827
2016-07-26,0,0.0,0.0,23.5,13.778260869565218
2016-07-27,0,0,6.9,22.5,14.039130434782608
2016-07-28,0,0,7.3,23.3,14.560869565217391
2016-07-29,0,0,7.3,21.5,14.604347826086956
2016-07-30,0,0,4.4,18.3,11.817391304347826
2016-07-31,0,0,3.7,16.9,10.047826086956523
2016-08-01,0,0,7.2,17.2,12.091304347826087
2016-08-02,0,0,5.2,15.7,9.6
2016-08-03,0,0,8.6,17.3,11.904347826086957
2016-08-04,0,0,4.9,17.1,11.043478260869566
2016-08-05,0,0,5.2,13.8,7.908695652173913
2016-08-06,0,0,1.3,14.5,6.1695652173913045
2016-08-07,0,0,6.8,15.9,10.282608695652174
2016-08-08,0,0,8.0,15.9,10.791304347826086
2016-08-09,0,0,8.0,14.8,11.226086956521739
2016-08-10,0,0,6.2,18.1,11.52
2016-08-11,0,0,5.3,20.5,11.513043478260869
2016-08-12,0,0,5.9,21.1,12.45217391304348
2016-08-13,0,0,7.4,20.6,13.456521739130435
2016-08-14,0,0,9.7,19.6,14.395652173913044
2016-08-15,0,0,6.6,21.0,13.004347826086956
2016-08-16,0,0,6.6,20.3,13.543478260869565
2016-08-17,0,0,4.7,19.8,11.221739130434782
2016-08-18,0,0,5.0,21.1,11.47391304347826
2016-08-19,0,0,5.9,25.3,13.621739130434783
2016-08-20,0,0,6.8,23.7,14.369565217391305
2016-08-21,0,0,6.7,19.6,12.121739130434783
2016-08-22,0,0,3.0,12.3,6.378260869565217
2016-08-23,0,0,3.5,17.2,9.152173913043478
2016-08-24,0,0,4.4,20.2,10.630434782608695
2016-08-25,0,0,8.3,19.6,13.265217391304347
2016-08-26,0,0,6.9,21.2,12.986956521739131
2016-08-27,0,0,9.5,18.2,14.791304347826086
2016-08-28,0,0,6.6,11.9,9.28695652173913
2016-08-29,0,0,7.5,12.5,9.039130434782608
2016-08-30,0,0,7.4,12.4,8.95217391304348
2016-08-31,0,0,6.5,11.7,8.856521739130434
2016-09-01,0,0,3.2,10.7,6.456521739130435
2016-09-02,0,0,2.2,12.1,5.834782608695652
2016-09-03,0,0,1.8,9.9,6.1521739130434785
2016-09-04,0,0,3.4,11.5,5.717391304347826
2016-09-05,0,0,4.5,9.2,6.756521739130434
2016-09-06,0,0,3.7,12.1,6.691304347826087
2016-09-07,0,0,4.3,8.8,6.469565217391304
2016-09-08,0,0,3.1,11.0,6.926086956521739
2016-09-09,0,0,4.1,12.3,7.691304347826087
2016-09-10,0,0,9.3,11.4,10.42608695652174
2016-09-11,0,0,2.9,9.4,5.434782608695652
2016-09-12,0,0,-1.0,12.7,5.508695652173913
2016-09-13,0,0,-0.1,17.6,6.3
2016-09-14,0,0,3.0,19.1,9.060869565217391
2016-09-15,0,0,2.8,17.0,9.121739130434783
2016-09-16,0,0,8.0,14.7,10.639130434782608
2016-09-17,0,0,4.7,8.2,6.108695652173913
2016-09-18,0,0,4.2,7.7,5.495652173913044
2016-09-19,0,0,2.1,8.3,4.434782608695652
2016-09-20,0,0,2.6,6.2,3.726086956521739
2016-09-21,0,0,-1.2,8.9,3.243478260869565
2016-09-22,0,0,-2.4,10.9,2.565217391304348
2016-09-23,0,0,3.5,7.6,5.873913043478261
2016-09-24,0,0,-0.4,8.1,3.360869565217391
2016-09-25,0,0,3.9,11.7,7.21304347826087
2016-09-26,0,0,10.2,11.8,11.160869565217391
2016-09-27,0,0,-0.8,8.4,4.473913043478261
2016-09-28,0,0,-2.9,9.7,1.1608695652173913
2016-09-29,0,0,-4.0,9.7,0.7956521739130434
2016-09-30,0,0,-3.5,8.4,0.7434782608695653
2016-10-01,0,0,-1.1,5.0,2.1043478260869564
2016-10-02,0,0,-1.7,7.3,1.7521739130434784
2016-10-03,0,0,-1.8,7.4,2.2695652173913046
2016-10-04,0,0,0.8,7.2,3.6565217391304348
2016-10-05,0,0,0.4,7.0,2.9956521739130433
2016-10-06,0,0,-0.6,6.3,2.8956521739130436
2016-10-07,2.0,2.0,0.0,3.6,1.1565217391304348
2016-10-08,2.0,0.0,-0.6,1.8,0.34782608695652173
2016-10-09,4.0,2.0,-2.0,1.1,-0.7391304347826086
2016-10-10,3.0,-1.0,-4.3,-1.1,-2.8956521739130436
2016-10-11,0.0,-3.0,-9.4,1.7,-5.317391304347826
2016-10-12,0,0.0,-6.3,6.9,-1.7260869565217392
2016-10-13,7.0,7.0,1.7,4.9,3.1956521739130435
2016-10-14,15.0,8.0,-0.6,4.1,1.1652173913043478
2016-10-15,18.0,3.0,-0.2,4.5,1.5521739130434784
2016-10-16,25.0,7.0,0.0,4.1,1.2695652173913043
2016-10-17,23.0,-2.0,-0.7,4.6,1.0782608695652174
2016-10-18,21.0,-2.0,0.7,5.4,2.217391304347826
2016-10-19,15.0,-6.0,0.6,4.0,1.9043478260869566
2016-10-20,18.0,3.0,0.0,4.4,1.8869565217391304
2016-10-21,14.0,-4.0,-2.6,2.0,-0.28695652173913044
2016-10-22,18.0,4.0,-0.8,2.2,0.2956521739130435
2016-10-23,20.0,2.0,-1.1,4.8,1.1130434782608696
2016-10-24,22.0,2.0,-0.5,3.3,0.7304347826086957
2016-10-25,22.0,0.0,0.6,5.4,2.0434782608695654
2016-10-26,16.0,-6.0,-2.7,4.2,1.2173913043478262
2016-10-27,18.0,2.0,-0.2,4.9,2.865217391304348
2016-10-28,10.0,-8.0,-2.0,5.8,1.173913043478261
2016-10-29,9.0,-1.0,-2.7,2.4,-0.6608695652173913
2016-10-30,11.0,2.0,0.5,4.3,1.8608695652173912
2016-10-31,11.0,0.0,-1.7,2.0,-0.6739130434782609
2016-11-01,13.0,2.0,-0.5,2.3,0.5043478260869565
2016-11-02,18.0,5.0,0.2,3.5,1.5695652173913044
2016-11-03,20.0,2.0,0.9,3.5,1.7043478260869565
2016-11-04,21.0,1.0,2.6,8.9,5.247826086956522
2016-11-05,12.0,-9.0,1.4,4.1,2.4565217391304346
2016-11-06,10.0,-2.0,-0.3,3.1,1.182608695652174
2016-11-07,10.0,0.0,0.7,6.5,3.4304347826086956
2016-11-08,0,-10.0,4.0,8.4,6.043478260869565
2016-11-09,0,0,1.1,6.1,3.4695652173913043
2016-11-10,0,0,-0.5,8.7,2.426086956521739
2016-11-11,0,0,2.5,8.6,3.8130434782608695
2016-11-12,0,0,2.8,4.9,3.7043478260869565
2016-11-13,0,0,0.2,3.0,1.308695652173913
2016-11-14,0,0,-3.2,2.1,-0.17391304347826086
2016-11-15,0,0,-3.4,-0.1,-1.8695652173913044
2016-11-16,0,0,-5.0,-1.0,-3.0391304347826087
2016-11-17,0,0,-4.1,-1.0,-2.752173913043478
2016-11-18,0,0,-7.7,-2.1,-4.160869565217391
2016-11-19,0,0,-6.5,1.4,-3.5478260869565217
2016-11-20,4.0,4.0,-1.8,1.9,-0.5478260869565218
2016-11-21,9.0,5.0,-0.2,0.7,0.26956521739130435
2016-11-22,16.0,7.0,-2.4,-0.4,-1.5391304347826087
2016-11-23,30.0,14.0,-4.5,-0.7,-2.2043478260869565
2016-11-24,48.0,18.0,-2.7,-1.3,-2.3130434782608695
2016-11-25,56.0,8.0,-8.7,-2.6,-5.478260869565218
2016-11-26,59.0,3.0,-5.5,-3.4,-4.378260869565217
2016-11-27,65.0,6.0,-9.6,-2.7,-5.534782608695652
2016-11-28,68.0,3.0,-6.4,-2.3,-4.5
2016-11-29,68.0,0.0,-8.1,0.0,-3.891304347826087
2016-11-30,69.0,1.0,-2.1,0.7,-0.8695652173913043
2016-12-01,66.0,-3.0,-9.2,-2.7,-6.082608695652174
2016-12-02,72.0,6.0,-2.5,1.9,-0.25217391304347825
2016-12-03,78.0,6.0,-3.3,-0.5,-2.0608695652173914
2016-12-04,81.0,3.0,-11.7,-3.1,-7.334782608695652
2016-12-05,79.0,-2.0,-12.7,-10.0,-11.182608695652174
2016-12-06,80.0,1.0,-17.2,-11.1,-14.41304347826087
2016-12-07,76.0,-4.0,-25.2,-18.0,-21.839130434782607
2016-12-08,76.0,0.0,-27.5,-22.0,-24.752173913043478
2016-12-09,77.0,1.0,-26.0,-14.9,-21.556521739130435
2016-12-10,81.0,4.0,-19.9,-14.0,-17.47391304347826
2016-12-11,81.0,0.0,-17.4,-14.0,-16.117391304347827
2016-12-12,80.0,-1.0,-18.5,-15.4,-16.526086956521738
2016-12-13,75.0,-5.0,-24.2,-16.7,-21.93913043478261
2016-12-14,75.0,0.0,-22.1,-15.3,-20.230434782608697
2016-12-15,76.0,1.0,-25.2,-20.1,-22.35217391304348
2016-12-16,74.0,-2.0,-26.3,-19.4,-23.16521739130435
2016-12-17,73.0,-1.0,-22.3,-8.3,-15.243478260869566
2016-12-18,82.0,9.0,-10.3,-2.5,-4.934782608695652
2016-12-19,100.0,18.0,-4.9,-2.7,-3.643478260869565
2016-12-20,110.0,10.0,-5.4,-2.4,-3.7956521739130435
2016-12-21,113.0,3.0,-2.9,-1.8,-2.4
2016-12-22,127.0,14.0,-5.6,-1.8,-3.9347826086956523
2016-12-23,127.0,0.0,-12.8,-5.8,-9.065217391304348
2016-12-24,128.0,1.0,-10.7,-8.9,-9.817391304347826
2016-12-25,127.0,-1.0,-20.3,-10.7,-15.056521739130435
2016-12-26,130.0,3.0,-10.6,-3.3,-6.113043478260869
2016-12-27,142.0,12.0,-5.5,-3.2,-4.178260869565217
2016-12-28,142.0,0.0,-6.1,-3.4,-5.27391304347826
2016-12-29,159.0,17.0,-5.7,-3.5,-4.552173913043478
2016-12-30,164.0,5.0,-13.6,-3.4,-8.478260869565217
2016-12-31,170.0,6.0,-9.0,-5.1,-7.047826086956522
2017-01-01,168.0,-2.0,-14.0,-7.4,-11.339130434782609
2017-01-02,167.0,-1.0,-17.1,-13.5,-15.443478260869565
2017-01-03,165.0,-2.0,-22.5,-11.2,-16.821739130434782
2017-01-04,168.0,3.0,-18.4,-8.8,-12.439130434782609
2017-01-05,171.0,3.0,-14.6,-4.7,-10.134782608695652
2017-01-06,177.0,6.0,-7.5,-4.2,-5.582608695652174
2017-01-07,176.0,-1.0,-14.3,-5.1,-8.547826086956523
2017-01-08,173.0,-3.0,-14.7,-12.3,-13.004347826086956
2017-01-09,184.0,11.0,-17.9,-15.8,-17.004347826086956
2017-01-10,184.0,0.0,-18.9,-17.0,-17.630434782608695
2017-01-11,182.0,-2.0,-23.9,-14.3,-20.717391304347828
2017-01-12,183.0,1.0,-19.4,-7.7,-13.373913043478261
2017-01-13,184.0,1.0,-10.7,-2.2,-7.808695652173913
2017-01-14,187.0,3.0,-5.4,1.6,-2.252173913043478
2017-01-15,190.0,3.0,-1.8,1.6,-0.13913043478260867
2017-01-16,195.0,5.0,-0.1,2.9,1.0739130434782609
2017-01-17,223.0,28.0,0.1,1.7,0.9521739130434782
2017-01-18,243.0,20.0,0.1,1.6,0.9956521739130435
2017-01-19,248.0,5.0,-1.2,0.9,-0.43043478260869567
2017-01-20,249.0,1.0,-5.5,-1.5,-3.643478260869565
2017-01-21,250.0,1.0,-10.9,-1.8,-7.856521739130435
2017-01-22,254.0,4.0,-9.2,-4.8,-6.156521739130435
2017-01-23,252.0,-2.0,-9.4,-4.9,-7.3
2017-01-24,255.0,3.0,-13.4,-1.5,-9.61304347826087
2017-01-25,255.0,0.0,-7.6,-2.2,-5.147826086956521
2017-01-26,249.0,-6.0,-8.5,0.2,-4.113043478260869
2017-01-27,251.0,2.0,-1.5,1.5,-0.06521739130434784
2017-01-28,255.0,4.0,-0.6,4.6,2.269565217391304
2017-01-29,258.0,3.0,-1.6,3.9,1.2478260869565216
2017-01-30,265.0,7.0,-11.0,-1.8,-5.539130434782609
2017-01-31,267.0,2.0,-18.3,-10.3,-13.608695652173914
2017-02-01,266.0,-1.0,-21.3,-11.4,-17.108695652173914
2017-02-02,270.0,4.0,-21.7,-10.3,-16.93913043478261
2017-02-03,276.0,6.0,-19.9,-16.3,-18.434782608695652
2017-02-04,277.0,1.0,-17.3,-14.5,-16.104347826086958
2017-02-05,285.0,8.0,-18.1,-14.8,-17.065217391304348
2017-02-06,294.0,9.0,-20.8,-17.0,-19.139130434782608
2017-02-07,290.0,-4.0,-21.4,-17.1,-19.3
2017-02-08,286.0,-4.0,-23.8,-13.6,-19.16521739130435
2017-02-09,323.0,37.0,-16.5,-9.5,-14.395652173913044
2017-02-10,325.0,2.0,-10.5,-1.2,-2.743478260869565
2017-02-11,311.0,-14.0,-5.8,-2.2,-4.6
2017-02-12,322.0,11.0,-3.3,0.6,-2.239130434782609
2017-02-13,326.0,4.0,-0.5,6.8,2.0521739130434784
2017-02-14,337.0,11.0,-1.5,6.5,3.347826086956522
2017-02-15,347.0,10.0,1.1,4.0,2.3869565217391306
2017-02-16,355.0,8.0,0.1,2.3,1.1217391304347826
2017-02-17,351.0,-4.0,-3.1,-0.3,-1.5260869565217392
2017-02-18,353.0,2.0,-11.8,-1.5,-7.860869565217391
2017-02-19,355.0,2.0,-7.7,-1.6,-5.456521739130435
2017-02-20,360.0,5.0,-5.9,-0.9,-3.6478260869565218
2017-02-21,360.0,0.0,-13.5,-3.0,-7.243478260869566
2017-02-22,356.0,-4.0,-13.7,-4.7,-9.395652173913044
2017-02-23,355.0,-1.0,-18.6,-4.8,-12.78695652173913
2017-02-24,359.0,4.0,-11.5,-6.4,-9.317391304347826
2017-02-25,366.0,7.0,-17.5,-4.3,-11.365217391304348
2017-02-26,363.0,-3.0,-11.7,-6.5,-9.469565217391304
2017-02-27,368.0,5.0,-18.6,-8.4,-14.32608695652174
2017-02-28,358.0,-10.0,-19.6,-6.0,-12.208695652173914
2017-03-01,356.0,-2.0,-6.8,-2.7,-5.069565217391304
2017-03-02,371.0,15.0,-4.9,0.4,-2.4347826086956523
2017-03-03,386.0,15.0,-5.2,-1.2,-3.308695652173913
2017-03-04,388.0,2.0,-12.4,-5.5,-8.652173913043478
2017-03-05,390.0,2.0,-19.3,-5.8,-14.530434782608696
2017-03-06,391.0,1.0,-11.4,-6.6,-9.160869565217391
2017-03-07,391.0,0.0,-10.1,-4.2,-7.952173913043478
2017-03-08,388.0,-3.0,-9.5,-5.9,-7.552173913043478
2017-03-09,388.0,0.0,-15.1,-7.3,-11.591304347826087
2017-03-10,401.0,13.0,-14.6,-1.2,-11.378260869565217
2017-03-11,411.0,10.0,-11.4,1.3,-5.517391304347826
2017-03-12,413.0,2.0,-0.5,2.8,0.7217391304347825
2017-03-13,428.0,15.0,-0.7,4.2,1.1043478260869566
2017-03-14,443.0,15.0,0.8,4.0,2.4260869565217393
2017-03-15,438.0,-5.0,-6.4,1.7,-2.1478260869565218
2017-03-16,435.0,-3.0,-5.5,-1.4,-3.11304347826087
2017-03-17,456.0,21.0,-4.2,-0.8,-3.1739130434782608
2017-03-18,469.0,13.0,-4.4,-1.3,-3.1043478260869564
2017-03-19,455.0,-14.0,-7.5,-2.1,-5.613043478260869
2017-03-20,457.0,2.0,-15.7,-0.5,-9.26086956521739
2017-03-21,473.0,16.0,-7.2,6.5,-3.043478260869565
2017-03-22,477.0,4.0,-1.8,3.6,1.2304347826086957
2017-03-23,480.0,3.0,-5.2,0.9,-2.6652173913043478
2017-03-24,493.0,13.0,-2.6,2.2,-0.9260869565217391
2017-03-25,490.0,-3.0,-3.5,0.0,-1.5347826086956522
2017-03-26,497.0,7.0,-5.2,0.9,-2.8
2017-03-27,492.0,-5.0,-2.9,2.3,-0.7565217391304347
2017-03-28,501.0,9.0,-1.9,3.3,-1.68946982008176e-17
2017-03-29,514.0,13.0,-1.9,2.1,0.11304347826086955
2017-03-30,502.0,-12.0,-5.3,3.7,-0.7217391304347825
2017-03-31,505.0,3.0,-2.5,5.5,0.5956521739130435
2017-04-01,516.0,11.0,-1.2,3.4,0.7695652173913043
2017-04-02,513.0,-3.0,-3.9,1.1,-1.4956521739130435
2017-04-03,513.0,0.0,-11.1,1.3,-5.2956521739130435
2017-04-04,521.0,8.0,-5.3,2.2,-1.3956521739130434
2017-04-05,530.0,9.0,0.5,4.1,1.5826086956521739
2017-04-06,535.0,5.0,-3.5,3.1,-0.5086956521739131
2017-04-07,546.0,11.0,-5.3,2.9,-1.626086956521739
2017-04-08,529.0,-17.0,-1.3,2.7,0.45652173913043476
2017-04-09,525.0,-4.0,-2.9,2.1,-0.7043478260869566
2017-04-10,532.0,7.0,-4.4,2.4,-1.5869565217391304
2017-04-11,528.0,-4.0,-8.3,4.9,-2.639130434782609
2017-04-12,540.0,12.0,-6.1,2.8,-2.38695652173913
2017-04-13,547.0,7.0,-1.8,2.6,-0.10434782608695652
2017-04-14,539.0,-8.0,-2.9,1.9,-0.3565217391304348
2017-04-15,536.0,-3.0,-2.4,2.9,-0.37826086956521743
2017-04-16,539.0,3.0,-7.7,5.8,-1.9391304347826086
2017-04-17,548.0,9.0,-2.0,4.3,0.45217391304347826
2017-04-18,550.0,2.0,-0.2,4.3,1.373913043478261
2017-04-19,548.0,-2.0,-0.1,4.6,1.617391304347826
2017-04-20,544.0,-4.0,-1.6,4.8,1.1043478260869566
2017-04-21,540.0,-4.0,-4.5,7.2,0.5739130434782608
2017-04-22,555.0,15.0,-1.7,8.6,2.4869565217391303
2017-04-23,551.0,-4.0,0.2,5.7,2.291304347826087
2017-04-24,548.0,-3.0,-1.1,7.3,1.3521739130434782
2017-04-25,544.0,-4.0,-2.9,6.2,2.108695652173913
2017-04-26,543.0,-1.0,0.2,4.7,2.091304347826087
2017-04-27,529.0,-14.0,-1.9,3.9,0.9608695652173913
2017-04-28,520.0,-9.0,-5.6,4.8,-0.39999999999999997
2017-04-29,524.0,4.0,-2.7,2.4,-0.20869565217391303
2017-04-30,524.0,0.0,-2.1,3.8,0.9347826086956522
2017-05-01,526.0,2.0,-1.3,5.2,1.0478260869565217
2017-05-02,528.0,2.0,-4.1,8.1,1.5652173913043477
2017-05-03,516.0,-12.0,2.6,10.3,5.886956521739131
2017-05-04,487.0,-29.0,1.8,13.2,6.952173913043478
2017-05-05,466.0,-21.0,0.7,7.9,3.6739130434782608
2017-05-06,450.0,-16.0,-2.9,2.5,-0.5
2017-05-07,450.0,0.0,-3.8,4.9,0.013043478260869578
2017-05-08,445.0,-5.0,1.0,7.2,3.3043478260869565
2017-05-09,433.0,-12.0,-2.5,7.7,2.6565217391304348
2017-05-10,424.0,-9.0,-1.3,9.1,3.0652173913043477
2017-05-11,413.0,-11.0,2.6,10.4,5.28695652173913
2017-05-12,392.0,-21.0,-1.9,6.1,1.8043478260869565
2017-05-13,383.0,-9.0,-0.5,5.2,2.1478260869565218
2017-05-14,368.0,-15.0,-0.2,5.0,2.026086956521739
2017-05-15,363.0,-5.0,-0.1,3.3,1.7739130434782608
2017-05-16,357.0,-6.0,-0.7,3.6,0.8130434782608695
2017-05-17,343.0,-14.0,-1.0,10.6,3.38695652173913
2017-05-18,325.0,-18.0,0.5,9.8,4.8130434782608695
2017-05-19,306.0,-19.0,-1.8,9.6,3.5
2017-05-20,285.0,-21.0,-1.7,13.8,5.156521739130435
2017-05-21,266.0,-19.0,0.3,15.9,6.904347826086957
2017-05-22,254.0,-12.0,2.2,19.2,9.204347826086957
2017-05-23,222.0,-32.0,4.8,15.3,9.030434782608696
2017-05-24,202.0,-20.0,-1.7,8.7,1.9782608695652173
2017-05-25,191.0,-11.0,0.2,14.9,5.839130434782609
2017-05-26,168.0,-23.0,1.2,16.2,7.6695652173913045
2017-05-27,141.0,-27.0,2.3,18.5,9.61304347826087
2017-05-28,111.0,-30.0,2.8,17.2,9.704347826086956
2017-05-29,78.0,-33.0,3.4,18.8,10.41304347826087
2017-05-30,37.0,-41.0,4.7,17.3,10.304347826086957
2017-05-31,10.0,-27.0,3.9,11.2,7.8304347826086955
2017-06-01,3.0,-7.0,3.9,11.5,7.339130434782609
2017-06-02,0,-3.0,3.5,9.7,5.965217391304348
2017-06-03,0,0,3.1,8.3,5.621739130434783
2017-06-04,0,0,-2.1,8.7,3.126086956521739
2017-06-05,0,0,-0.8,12.0,4.8478260869565215
2017-06-06,0,0,2.7,16.5,9.060869565217391
2017-06-07,0,0,4.6,19.8,11.043478260869565
2017-06-08,0,0,9.3,17.6,11.621739130434783
2017-06-09,0,0,1.5,9.8,5.008695652173913
2017-06-10,0,0,1.8,9.3,5.8478260869565215
2017-06-11,0,0,2.7,13.9,7.395652173913043
2017-06-12,0,0,2.4,13.2,8.578260869565216
2017-06-13,0,0,3.2,11.6,8.008695652173913
2017-06-14,0,0,3.4,8.7,5.626086956521739
2017-06-15,0,0,4.1,6.7,5.1695652173913045
2017-06-16,0,0,3.8,8.5,5.7956521739130435
2017-06-17,0,0,-0.4,9.2,4.717391304347826
2017-06-18,0,0,4.7,11.2,6.860869565217391
2017-06-19,0,0,7.5,12.0,9.021739130434783
2017-06-20,0,0,7.4,11.7,9.195652173913043
2017-06-21,0,0,1.0,10.1,5.539130434782608
2017-06-22,0,0,-1.7,14.6,5.556521739130435
2017-06-23,0,0,0.9,18.3,8.704347826086957
2017-06-24,0,0,3.9,22.6,11.791304347826086
2017-06-25,0,0,7.2,21.6,15.069565217391304
2017-06-26,0,0,0.0,19.4,13.58695652173913
2017-06-27,0,0,0.0,18.1,8.11304347826087
2017-06-28,0,0,2.8,20.1,10.708695652173914
2017-06-29,0,0,7.1,21.0,13.660869565217391
2017-06-30,0,0,6.0,20.5,13.534782608695652
2017-07-01,0,0,9.4,18.6,13.565217391304348
2017-07-02,0,0,9.6,16.5,12.660869565217391
2017-07-03,0,0,0.0,13.4,8.330434782608696
2017-07-04,0,0,0.0,0.0,0.0
2017-07-05,0,0,0.0,0.0,0.0
2017-07-06,0,0,0.0,0.0,0.0
2017-07-07,0,0,0.0,0.0,0.0
2017-07-08,0,0,0.0,0.0,0.0
2017-07-09,0,0,0.0,0.0,0.0
2017-07-10,0,0,0.0,0.0,0.0
2017-07-11,0,0,0.0,0.0,0.0
2017-07-12,0,0,0.0,0.0,0.0
2017-07-13,0,0,0.0,0.0,0.0
2017-07-14,0,0,0.0,0.0,0.0
2017-07-15,0,0,0.0,0.0,0.0
2017-07-16,0,0,0.0,0.0,0.0
2017-07-17,0,0,0.0,0.0,0.0
2017-07-18,0,0,0.0,0.0,0.0
2017-07-19,0,0,0.0,0.0,0.0
2017-07-20,0,0,0.0,0.0,0.0
2017-07-21,0,0,0.0,0.0,0.0
2017-07-22,0,0,0.0,0.0,0.0
2017-07-23,0,0,0.0,0.0,0.0
2017-07-24,0,0,0.0,0.0,0.0
2017-07-25,0,0,0.0,0.0,0.0
2017-07-26,0,0,0.0,0.0,0.0
2017-07-27,0,0,0.0,0.0,0.0
2017-07-28,0,0,0.0,0.0,0.0
2017-07-29,0,0,0.0,0.0,0.0
2017-07-30,0,0,0.0,0.0,0.0
2017-07-31,0,0,0.0,0.0,0.0
2017-08-01,0,0,0.0,0.0,0.0
2017-08-02,0,0,0.0,0.0,0.0
2017-08-03,0,0,0.0,0.0,0.0
2017-08-04,0,0,0.0,0.0,0.0
2017-08-05,0,0,0.0,0.0,0.0
2017-08-06,0,0,0.0,0.0,0.0
2017-08-07,0,0,0.0,0.0,0.0
2017-08-08,0,0,0.0,0.0,0.0
2017-08-09,0,0,0.0,0.0,0.0
2017-08-10,0,0,0.0,0.0,0.0
2017-08-11,0,0,0.0,0.0,0.0
2017-08-12,0,0,0.0,0.0,0.0
2017-08-13,0,0,0.0,0.0,0.0
2017-08-14,0,0,0.0,0.0,0.0
2017-08-15,0,0,0.0,0.0,0.0
2017-08-16,0,0,0.0,0.0,0.0
2017-08-17,0,0,0.0,0.0,0.0
2017-08-18,0,0,0.0,0.0,0.0
2017-08-19,0,0,0.0,0.0,0.0
2017-08-20,0,0,0.0,0.0,0.0
2017-08-21,0,0,0.0,0.0,0.0
2017-08-22,0,0,0.0,0.0,0.0
2017-08-23,0,0,0.0,0.0,0.0
2017-08-24,0,0,0.0,0.0,0.0
2017-08-25,0,0,0.0,0.0,0.0
2017-08-26,0,0,0.0,0.0,0.0
2017-08-27,0,0,0.0,0.0,0.0
2017-08-28,0,0,0.0,0.0,0.0
2017-08-29,0,0,0.0,0.0,0.0
2017-08-30,0,0,0.0,0.0,0.0
2017-08-31,0,0,0.0,0.0,0.0
2017-09-01,0,0,0.0,0.0,0.0
2017-09-02,0,0,0.0,0.0,0.0
2017-09-03,0,0,0.0,0.0,0.0
2017-09-04,0,0,0.0,0.0,0.0
2017-09-05,0,0,0.0,0.0,0.0
2017-09-06,0,0,0.0,0.0,0.0
2017-09-07,0,0,0.0,0.0,0.0
2017-09-08,0,0,0.0,0.0,0.0
2017-09-09,0,0,0.0,0.0,0.0
2017-09-10,0,0,0.0,0.0,0.0
2017-09-11,0,0,0.0,0.0,0.0
2017-09-12,0,0,0.0,0.0,0.0
2017-09-13,0,0,0.0,0.0,0.0
2017-09-14,0,0,0.0,0.0,0.0
2017-09-15,0,0,0.0,0.0,0.0
2017-09-16,0,0,0.0,0.0,0.0
2017-09-17,0,0,0.0,0.0,0.0
2017-09-18,0,0,0.0,0.0,0.0
2017-09-19,0,0,0.0,0.0,0.0
2017-09-20,0,0,0.0,0.0,0.0
2017-09-21,0,0,0.0,0.0,0.0
2017-09-22,0,0,0.0,0.0,0.0
2017-09-23,0,0,0.0,0.0,0.0
2017-09-24,0,0,0.0,0.0,0.0
2017-09-25,0,0,0.0,0.0,0.0
2017-09-26,0,0,0.0,0.0,0.0
2017-09-27,0,0,0.0,0.0,0.0
2017-09-28,0,0,0.0,0.0,0.0
2017-09-29,0,0,0.0,0.0,0.0
2017-09-30,0,0,0.0,0.0,0.0
2017-10-01,0,0,0.0,0.0,0.0
2017-10-02,0,0,0.0,0.0,0.0
2017-10-03,0,0,0.0,8.3,1.7043478260869567
2017-10-04,0,0,-3.0,13.4,1.7652173913043478
2017-10-05,2.0,2.0,-0.9,14.9,4.747826086956522
2017-10-06,4.0,2.0,2.8,9.4,5.682608695652174
2017-10-07,2.0,-2.0,0.4,4.0,1.934782608695652
2017-10-08,3.0,1.0,-2.0,6.5,1.1521739130434783
2017-10-09,3.0,0.0,3.1,5.4,4.108695652173913
2017-10-10,0,-5.0,-1.5,4.3,0.49565217391304345
2017-10-11,7.0,7.0,-3.1,0.8,-2.226086956521739
2017-10-12,11.0,4.0,-4.8,1.2,-2.482608695652174
2017-10-13,11.0,0.0,-4.0,-0.3,-2.5478260869565217
2017-10-14,13.0,2.0,-4.6,4.3,-0.23043478260869565
2017-10-15,17.0,4.0,1.8,4.7,3.5478260869565217
2017-10-16,7.0,-10.0,3.3,5.7,4.552173913043478
2017-10-17,5.0,-2.0,-0.7,3.7,2.256521739130435
2017-10-18,4.0,-1.0,-2.2,0.4,-0.9695652173913044
2017-10-19,43.0,39.0,0.0,1.5,0.43478260869565216
2017-10-20,61.0,18.0,-1.6,1.8,-0.4434782608695652
2017-10-21,63.0,2.0,-3.6,1.7,-1.5478260869565217
2017-10-22,79.0,16.0,-0.5,1.7,0.4260869565217391
2017-10-23,80.0,1.0,-0.2,4.0,1.191304347826087
2017-10-24,72.0,-8.0,5.0,10.6,7.208695652173913
2017-10-25,33.0,-39.0,3.9,9.5,6.939130434782609
2017-10-26,27.0,-6.0,-3.0,5.5,-0.22608695652173913
2017-10-27,24.0,-3.0,-0.2,11.3,2.856521739130435
2017-10-28,24.0,0.0,2.3,13.2,5.495652173913044
2017-10-29,26.0,2.0,1.2,7.2,3.847826086956522
2017-10-30,13.0,-13.0,-6.0,4.4,-2.4521739130434783
2017-10-31,11.0,-2.0,-1.9,12.9,3.7608695652173916
2017-11-01,20.0,9.0,-0.7,10.3,2.339130434782609
2017-11-02,19.0,-1.0,-14.0,-0.4,-9.673913043478262
2017-11-03,13.0,-6.0,-19.0,0.0,-15.678260869565218
2017-11-04,0,0,-18.5,-10.6,-14.42608695652174
2017-11-05,10.0,10.0,-14.5,-11.0,-13.173913043478262
2017-11-06,11.0,1.0,-18.3,-5.4,-13.456521739130435
2017-11-07,11.0,0.0,-7.2,-1.4,-4.530434782608696
2017-11-08,18.0,7.0,-8.7,-3.5,-7.208695652173913
2017-11-09,18.0,0.0,-8.0,0.8,-5.782608695652174
2017-11-10,20.0,2.0,-3.4,2.5,-0.5217391304347826
2017-11-11,23.0,3.0,-0.4,1.7,0.47391304347826085
2017-11-12,38.0,15.0,-1.0,0.3,-0.3173913043478261
2017-11-13,56.0,18.0,-3.8,0.1,-2.291304347826087
2017-11-14,65.0,9.0,-2.7,-0.4,-1.6608695652173913
2017-11-15,96.0,31.0,-2.4,-0.6,-1.9304347826086956
2017-11-16,104.0,8.0,-4.6,-1.9,-3.691304347826087
2017-11-17,106.0,2.0,-7.0,-3.2,-5.008695652173913
2017-11-18,109.0,3.0,-4.8,0.7,-1.5260869565217392
2017-11-19,131.0,22.0,-1.2,-0.2,-0.7652173913043478
2017-11-20,155.0,24.0,-3.9,-0.6,-2.6826086956521737
2017-11-21,153.0,-2.0,-6.1,1.3,-3.982608695652174
2017-11-22,163.0,10.0,1.3,6.5,4.465217391304348
2017-11-23,155.0,-8.0,0.0,5.4,2.217391304347826
2017-11-24,152.0,-3.0,-1.0,1.5,0.06086956521739129
2017-11-25,169.0,17.0,-1.0,1.4,0.008695652173913037
2017-11-26,183.0,14.0,-2.7,3.1,0.3521739130434783
2017-11-27,188.0,5.0,-4.5,-2.5,-3.491304347826087
2017-11-28,203.0,15.0,-3.3,-2.0,-2.6695652173913045
2017-11-29,207.0,4.0,-2.6,-0.5,-1.7608695652173914
2017-11-30,215.0,8.0,-1.0,0.6,-0.24347826086956523
2017-12-01,221.0,6.0,-3.5,-1.8,-2.6782608695652175
2017-12-02,222.0,1.0,-10.9,-4.2,-6.530434782608696
2017-12-03,223.0,1.0,-14.9,-6.7,-10.969565217391304
2017-12-04,222.0,-1.0,-14.2,0.3,-9.156521739130435
2017-12-05,225.0,3.0,-5.0,0.9,-2.8130434782608695
2017-12-06,225.0,0.0,-7.4,-3.0,-5.717391304347826
2017-12-07,225.0,0.0,-6.9,0.0,-4.273913043478261
2017-12-08,227.0,2.0,-3.3,4.1,-0.5173913043478261
2017-12-09,234.0,7.0,-0.6,7.1,3.152173913043478
2017-12-10,240.0,6.0,-0.5,7.3,3.308695652173913
2017-12-11,241.0,1.0,-0.9,4.6,2.043478260869565
2017-12-12,244.0,3.0,0.4,7.8,3.473913043478261
2017-12-13,243.0,-1.0,-3.7,2.2,-1.6782608695652175
2017-12-14,244.0,1.0,-3.5,7.4,0.8826086956521739
2017-12-15,248.0,4.0,-2.4,7.4,0.9086956521739131
2017-12-16,238.0,-10.0,-7.9,-0.3,-4.195652173913043
2017-12-17,251.0,13.0,-0.9,2.5,0.9434782608695652
2017-12-18,246.0,-5.0,-6.4,0.5,-3.0782608695652174
2017-12-19,247.0,1.0,-9.1,-4.4,-7.030434782608696
2017-12-20,239.0,-8.0,-15.8,-8.9,-11.969565217391304
2017-12-21,244.0,5.0,-11.4,0.0,-5.208695652173913
2017-12-22,240.0,-4.0,-14.2,-6.9,-10.747826086956522
2017-12-23,232.0,-8.0,-21.7,-15.7,-19.36521739130435
2017-12-24,235.0,3.0,-18.4,-10.4,-15.265217391304349
2017-12-25,238.0,3.0,-17.3,-12.9,-15.056521739130435
2017-12-26,236.0,-2.0,-18.6,-6.6,-13.108695652173914
2017-12-27,240.0,4.0,-13.7,-8.0,-11.126086956521739
2017-12-28,240.0,0.0,-17.0,-14.6,-15.939130434782609
2017-12-29,249.0,9.0,-19.9,-16.9,-18.143478260869564
2017-12-30,256.0,7.0,-21.2,-14.2,-18.791304347826088
2017-12-31,252.0,-4.0,-17.0,-9.8,-14.934782608695652
2018-01-01,254.0,2.0,-14.1,-2.1,-8.965217391304348
2018-01-02,254.0,0.0,-9.9,-0.2,-6.160869565217391
2018-01-03,259.0,5.0,-6.1,-1.3,-4.543478260869565
2018-01-04,265.0,6.0,-5.4,2.7,-2.617391304347826
2018-01-05,274.0,9.0,0.5,5.1,2.717391304347826
2018-01-06,276.0,2.0,-1.2,2.7,0.3695652173913044
2018-01-07,278.0,2.0,-3.0,-0.4,-1.7956521739130435
2018-01-08,288.0,10.0,-0.7,1.6,0.7608695652173914
2018-01-09,293.0,5.0,-3.7,-0.5,-2.3869565217391306
2018-01-10,298.0,5.0,-11.1,-4.0,-6.626086956521739
2018-01-11,299.0,1.0,-20.4,-12.5,-17.056521739130435
2018-01-12,301.0,2.0,-22.7,-0.1,-12.943478260869565
2018-01-13,313.0,12.0,-1.7,3.8,0.5304347826086957
2018-01-14,313.0,0.0,-2.3,2.5,0.4391304347826087
2018-01-15,312.0,-1.0,-3.0,6.9,-0.10869565217391303
2018-01-16,316.0,4.0,-0.5,5.2,1.6869565217391305
2018-01-17,319.0,3.0,-1.8,1.5,-0.8521739130434782
2018-01-18,347.0,28.0,-2.8,0.4,-1.4652173913043478
2018-01-19,351.0,4.0,-4.2,-1.3,-2.860869565217391
2018-01-20,350.0,-1.0,-3.2,-1.6,-2.6
2018-01-21,398.0,48.0,-4.0,-1.4,-2.6478260869565218
2018-01-22,413.0,15.0,-6.5,-3.6,-4.5
2018-01-23,428.0,15.0,-5.2,-2.1,-4.130434782608695
2018-01-24,437.0,9.0,-4.6,-1.4,-2.6652173913043478
2018-01-25,442.0,5.0,-10.0,-4.6,-6.734782608695652
2018-01-26,441.0,-1.0,-9.6,-4.4,-6.539130434782608
2018-01-27,440.0,-1.0,-11.3,-7.9,-9.921739130434784
2018-01-28,440.0,0.0,-13.1,1.6,-5.78695652173913
2018-01-29,477.0,37.0,-0.7,2.3,1.1130434782608696
2018-01-30,485.0,8.0,-4.9,-2.4,-3.791304347826087
2018-01-31,485.0,0.0,-8.2,-4.0,-5.752173913043478
2018-02-01,485.0,0.0,-6.5,-2.2,-4.547826086956522
2018-02-02,488.0,3.0,-3.2,3.5,0.682608695652174
2018-02-03,488.0,0.0,-2.3,4.1,2.4521739130434783
2018-02-04,501.0,13.0,-10.3,3.7,-3.273913043478261
2018-02-05,496.0,-5.0,-8.5,2.7,-3.5869565217391304
2018-02-06,493.0,-3.0,-8.1,3.6,-4.217391304347826
2018-02-07,496.0,3.0,0.8,3.5,2.0956521739130434
2018-02-08,511.0,15.0,-6.7,2.4,-0.24347826086956523
2018-02-09,503.0,-8.0,-13.8,-8.3,-11.491304347826087
2018-02-10,500.0,-3.0,-17.1,-1.9,-12.326086956521738
2018-02-11,508.0,8.0,-15.5,-4.7,-9.617391304347827
2018-02-12,502.0,-6.0,-20.2,1.0,-12.3
2018-02-13,515.0,13.0,-2.9,1.2,-0.8391304347826087
2018-02-14,515.0,0.0,-7.6,-2.3,-4.956521739130435
2018-02-15,503.0,-12.0,-14.3,-3.1,-7.739130434782608
2018-02-16,513.0,10.0,-6.5,-2.9,-4.491304347826087
2018-02-17,524.0,11.0,-9.1,-4.8,-6.58695652173913
2018-02-18,500.0,-24.0,-18.0,-9.5,-15.730434782608695
2018-02-19,494.0,-6.0,-25.1,-8.4,-17.56086956521739
2018-02-20,495.0,1.0,-21.3,-9.6,-16.395652173913042
2018-02-21,502.0,7.0,-21.7,-8.5,-13.447826086956521
2018-02-22,490.0,-12.0,-17.1,-8.2,-11.282608695652174
2018-02-23,506.0,16.0,-15.7,-4.6,-7.956521739130435
2018-02-24,503.0,-3.0,-16.0,-4.5,-8.539130434782608
2018-02-25,522.0,19.0,-7.2,-4.1,-5.769565217391304
2018-02-26,495.0,-27.0,-14.2,-4.0,-9.743478260869566
2018-02-27,509.0,14.0,-5.5,-2.0,-4.221739130434782
2018-02-28,515.0,6.0,-5.5,-3.7,-4.678260869565217
2018-03-01,527.0,12.0,-7.5,-3.4,-4.826086956521739
2018-03-02,517.0,-10.0,-14.4,-6.0,-9.639130434782608
2018-03-03,512.0,-5.0,-12.3,-7.4,-10.034782608695652
2018-03-04,513.0,1.0,-16.7,-6.3,-12.152173913043478
2018-03-05,514.0,1.0,-12.3,-3.1,-7.860869565217391
2018-03-06,516.0,2.0,-11.7,-3.1,-6.173913043478261
2018-03-07,522.0,6.0,-14.8,-1.7,-8.2
2018-03-08,548.0,26.0,-7.8,2.7,-2.7
2018-03-09,533.0,-15.0,-11.4,-0.5,-4.72608695652174
2018-03-10,529.0,-4.0,-10.9,2.8,-4.973913043478261
2018-03-11,528.0,-1.0,-8.8,4.6,-3.5391304347826087
2018-03-12,531.0,3.0,-5.2,7.6,-0.6347826086956523
2018-03-13,545.0,14.0,-4.2,8.7,0.28260869565217384
2018-03-14,552.0,7.0,-0.4,3.5,1.6347826086956523
2018-03-15,540.0,-12.0,-9.8,1.2,-4.252173913043478
2018-03-16,539.0,-1.0,-9.3,3.1,-4.182608695652174
2018-03-17,543.0,4.0,-5.9,3.3,-1.7608695652173914
2018-03-18,536.0,-7.0,-8.9,3.3,-2.8521739130434782
2018-03-19,536.0,0.0,-7.1,2.0,-3.126086956521739
2018-03-20,548.0,12.0,-2.8,2.0,-0.7260869565217392
2018-03-21,555.0,7.0,-4.1,2.0,-1.2521739130434781
2018-03-22,571.0,16.0,-3.6,0.8,-1.7521739130434784
2018-03-23,557.0,-14.0,-11.5,-1.7,-6.473913043478261
2018-03-24,555.0,-2.0,-14.3,-2.0,-8.8
2018-03-25,557.0,2.0,-6.3,-1.3,-4.317391304347826
2018-03-26,567.0,10.0,-3.9,2.9,-1.5695652173913044
2018-03-27,569.0,2.0,-0.8,4.2,1.2304347826086957
2018-03-28,563.0,-6.0,-4.4,1.9,-0.891304347826087
2018-03-29,568.0,5.0,-1.7,4.3,0.2956521739130435
2018-03-30,576.0,8.0,-0.4,3.6,1.208695652173913
2018-03-31,565.0,-11.0,-9.4,1.9,-4.660869565217391
2018-04-01,589.0,24.0,-5.9,0.4,-3.591304347826087
2018-04-02,577.0,-12.0,-16.5,-1.9,-8.986956521739131
2018-04-03,582.0,5.0,-5.9,-1.1,-4.369565217391305
2018-04-04,584.0,2.0,-7.3,1.0,-3.0869565217391304
2018-04-05,589.0,5.0,-6.6,0.9,-3.4217391304347826
2018-04-06,606.0,17.0,-5.8,4.5,-3.1043478260869564
2018-04-07,625.0,19.0,-3.2,4.1,-0.45652173913043487
2018-04-08,613.0,-12.0,-3.8,6.1,0.9391304347826087
2018-04-09,602.0,-11.0,0.9,6.3,2.973913043478261
2018-04-10,623.0,21.0,0.8,5.7,2.873913043478261
2018-04-11,621.0,-2.0,-2.0,1.8,-0.5
2018-04-12,618.0,-3.0,-4.2,1.4,-1.4130434782608696
2018-04-13,615.0,-3.0,-2.9,0.1,-1.5347826086956522
2018-04-14,628.0,13.0,-3.2,1.5,-1.3782608695652174
2018-04-15,638.0,10.0,-9.1,2.4,-3.3521739130434782
2018-04-16,651.0,13.0,-3.6,0.8,-1.6217391304347826
2018-04-17,649.0,-2.0,-4.7,1.6,-1.4608695652173913
2018-04-18,646.0,-3.0,-5.3,3.2,-1.0826086956521739
2018-04-19,648.0,2.0,-4.8,4.1,-0.6347826086956522
2018-04-20,653.0,5.0,0.3,3.6,1.6608695652173913
2018-04-21,660.0,7.0,-2.4,1.6,-0.39565217391304347
2018-04-22,653.0,-7.0,-7.7,3.9,-1.973913043478261
2018-04-23,659.0,6.0,-5.7,9.2,-0.17391304347826095
2018-04-24,661.0,2.0,-2.5,12.0,3.6608695652173915
2018-04-25,660.0,-1.0,-3.3,13.0,3.491304347826087
2018-04-26,660.0,0.0,-0.7,15.3,5.3478260869565215
2018-04-27,660.0,0.0,-1.1,17.1,5.852173913043479
2018-04-28,652.0,-8.0,3.4,9.3,6.378260869565217
2018-04-29,630.0,-22.0,-2.2,8.2,3.4695652173913043
2018-04-30,617.0,-13.0,-2.9,7.7,2.226086956521739
2018-05-01,608.0,-9.0,-2.5,11.3,3.634782608695652
2018-05-02,600.0,-8.0,-0.7,12.6,5.343478260869565
2018-05-03,589.0,-11.0,4.0,12.6,6.547826086956522
2018-05-04,575.0,-14.0,1.8,9.4,6.278260869565218
2018-05-05,556.0,-19.0,-1.6,12.3,4.482608695652174
2018-05-06,548.0,-8.0,-0.5,11.6,4.817391304347826
2018-05-07,536.0,-12.0,1.7,12.4,6.282608695652174
2018-05-08,521.0,-15.0,-0.7,13.9,5.143478260869565
2018-05-09,501.0,-20.0,2.7,12.2,5.1
2018-05-10,480.0,-21.0,0.5,7.4,3.6130434782608694
2018-05-11,458.0,-22.0,-1.2,15.7,5.352173913043478
2018-05-12,439.0,-19.0,-0.4,17.2,7.1
2018-05-13,419.0,-20.0,0.9,17.6,7.960869565217392
2018-05-14,398.0,-21.0,1.8,18.0,8.904347826086957
2018-05-15,374.0,-24.0,2.8,16.6,8.97391304347826
2018-05-16,345.0,-29.0,3.0,15.5,8.743478260869566
2018-05-17,315.0,-30.0,1.0,16.8,7.817391304347826
2018-05-18,285.0,-30.0,1.5,15.6,8.73913043478261
2018-05-19,256.0,-29.0,2.7,15.6,8.756521739130434
2018-05-20,223.0,-33.0,5.3,12.9,8.117391304347827
2018-05-21,198.0,-25.0,2.2,13.7,7.239130434782608
2018-05-22,165.0,-33.0,5.4,18.7,11.034782608695652
2018-05-23,124.0,-41.0,3.3,18.4,10.882608695652173
2018-05-24,93.0,-31.0,4.7,14.0,9.556521739130435
2018-05-25,55.0,-38.0,4.9,11.4,6.973913043478261
2018-05-26,29.0,-26.0,-0.3,8.8,4.547826086956522
2018-05-27,13.0,-16.0,4.4,12.0,7.069565217391305
2018-05-28,7.0,-6.0,5.4,9.7,7.626086956521739
2018-05-29,4.0,-3.0,-1.1,8.4,2.9869565217391303
2018-05-30,4.0,0.0,-0.8,8.4,2.634782608695652
2018-05-31,3.0,-1.0,-1.7,9.7,3.9521739130434783
2018-06-01,4.0,1.0,2.6,8.0,4.765217391304348
2018-06-02,2.0,-2.0,2.4,9.7,4.98695652173913
2018-06-03,4.0,2.0,4.0,9.7,6.369565217391305
2018-06-04,2.0,-2.0,0.6,6.5,3.473913043478261
2018-06-05,3.0,1.0,1.5,6.2,3.739130434782609
2018-06-06,2.0,-1.0,2.5,9.3,4.534782608695652
2018-06-07,4.0,2.0,5.0,8.2,6.369565217391305
2018-06-08,3.0,-1.0,2.4,5.0,3.626086956521739
2018-06-09,2.0,-1.0,0.7,7.7,3.4347826086956523
2018-06-10,2.0,0.0,0.1,7.0,3.3217391304347825
2018-06-11,2.0,0.0,-1.2,6.9,3.260869565217391
2018-06-12,2.0,0.0,-0.2,7.9,4.147826086956521
2018-06-13,3.0,1.0,3.2,10.7,6.243478260869565
2018-06-14,3.0,0.0,2.8,11.3,7.269565217391304
2018-06-15,3.0,0.0,3.0,12.5,7.1869565217391305
2018-06-16,3.0,0.0,3.0,17.8,7.082608695652174
2018-06-17,3.0,0.0,4.0,22.4,11.547826086956523
2018-06-18,4.0,1.0,6.0,25.0,14.143478260869566
2018-06-19,4.0,0.0,8.0,25.4,16.369565217391305
2018-06-20,5.0,1.0,9.3,22.6,16.482608695652175
2018-06-21,5.0,0.0,10.0,19.8,14.734782608695653
2018-06-22,5.0,0.0,7.0,16.5,12.126086956521739
2018-06-23,4.0,-1.0,5.9,16.7,11.156521739130435
2018-06-24,4.0,0.0,7.3,14.7,10.595652173913043
2018-06-25,2.0,-2.0,3.3,8.8,5.356521739130435
2018-06-26,2.0,0.0,1.9,10.1,5.404347826086957
2018-06-27,2.0,0.0,2.4,10.4,6.752173913043478
2018-06-28,3.0,1.0,2.5,11.8,7.1695652173913045
2018-06-29,4.0,1.0,6.5,12.7,8.78695652173913
2018-06-30,4.0,0.0,6.4,12.2,9.352173913043478
2018-07-01,4.0,0.0,7.0,11.8,8.578260869565216
2018-07-02,2.0,-2.0,1.2,10.0,4.886956521739131
2018-07-03,2.0,0.0,1.8,13.4,6.473913043478261
2018-07-04,4.0,2.0,5.9,18.4,10.17391304347826
2018-07-05,4.0,0.0,7.7,17.8,12.404347826086957
2018-07-06,3.0,-1.0,7.3,13.6,10.434782608695652
2018-07-07,5.0,2.0,6.4,13.7,9.308695652173913
2018-07-08,3.0,-2.0,3.0,17.4,9.947826086956521
2018-07-09,3.0,0.0,4.5,18.6,11.334782608695653
2018-07-10,6.0,3.0,7.4,15.8,10.660869565217391
2018-07-11,3.0,-3.0,4.3,18.9,11.108695652173912
2018-07-12,3.0,0.0,5.4,19.5,12.126086956521739
2018-07-13,3.0,0.0,4.4,18.7,11.365217391304348
2018-07-14,3.0,0.0,3.2,19.7,11.265217391304347
2018-07-15,3.0,0.0,4.3,22.4,12.547826086956523
2018-07-16,3.0,0.0,6.1,25.0,14.452173913043477
2018-07-17,5.0,2.0,8.8,22.5,15.52608695652174
2018-07-18,6.0,1.0,10.5,19.4,15.1
2018-07-19,3.0,-3.0,5.6,15.3,11.269565217391305
2018-07-20,3.0,0.0,1.4,12.4,7.260869565217391
2018-07-21,2.0,-1.0,3.2,14.5,7.021739130434782
2018-07-22,3.0,1.0,5.1,20.3,11.434782608695652
2018-07-23,6.0,3.0,9.7,18.6,13.439130434782609
2018-07-24,3.0,-3.0,4.6,21.2,11.882608695652173
2018-07-25,3.0,0.0,5.5,22.4,13.395652173913044
2018-07-26,3.0,0.0,6.6,23.3,14.35217391304348
2018-07-27,3.0,0.0,7.0,25.2,15.056521739130435
2018-07-28,5.0,2.0,9.1,25.5,16.543478260869566
2018-07-29,5.0,0.0,10.2,26.6,18.069565217391304
2018-07-30,5.0,0.0,10.1,25.3,17.660869565217393
2018-07-31,5.0,0.0,10.8,25.6,17.22608695652174
2018-08-01,5.0,0.0,9.7,21.8,15.97391304347826
2018-08-02,4.0,-1.0,9.7,17.8,13.252173913043478
2018-08-03,4.0,0.0,9.0,15.3,12.26086956521739
2018-08-04,6.0,2.0,9.6,18.4,13.378260869565217
2018-08-05,3.0,-3.0,6.1,20.7,12.534782608695652
2018-08-06,4.0,1.0,8.0,20.5,13.634782608695652
2018-08-07,4.0,0.0,7.3,22.5,14.68695652173913
2018-08-08,4.0,0.0,9.2,23.0,15.669565217391305
2018-08-09,5.0,1.0,10.0,23.2,16.343478260869563
2018-08-10,5.0,0.0,9.7,24.0,16.26086956521739
2018-08-11,5.0,0.0,9.1,21.0,13.395652173913044
2018-08-12,3.0,-2.0,5.3,18.3,9.960869565217392
2018-08-13,3.0,0.0,5.0,21.6,11.726086956521739
2018-08-14,4.0,1.0,8.3,23.7,15.191304347826087
2018-08-15,5.0,1.0,10.5,21.9,15.530434782608696
2018-08-16,4.0,-1.0,8.4,20.4,13.691304347826087
2018-08-17,4.0,0.0,7.9,20.3,13.830434782608696
2018-08-18,3.0,-1.0,5.1,18.1,11.982608695652175
2018-08-19,3.0,0.0,4.4,19.2,10.7
2018-08-20,3.0,0.0,4.7,19.6,11.747826086956522
2018-08-21,2.0,-1.0,5.6,23.2,13.008695652173913
2018-08-22,3.0,1.0,5.7,23.0,13.673913043478262
2018-08-23,6.0,3.0,11.6,18.8,14.304347826086957
2018-08-24,3.0,-3.0,2.1,13.8,8.991304347826087
2018-08-25,3.0,0.0,6.1,11.8,8.947826086956521
2018-08-26,4.0,1.0,6.6,11.4,7.895652173913043
2018-08-27,2.0,-2.0,2.8,15.4,7.369565217391305
2018-08-28,2.0,0.0,5.2,18.4,10.4
2018-08-29,4.0,2.0,6.5,15.5,10.134782608695652
2018-08-30,2.0,-2.0,4.4,12.1,8.095652173913043
2018-08-31,3.0,1.0,5.8,12.8,8.569565217391304
2018-09-01,2.0,-1.0,1.0,11.6,7.543478260869565
2018-09-02,3.0,1.0,7.4,11.5,8.673913043478262
2018-09-03,2.0,-1.0,0.0,11.6,5.230434782608696
2018-09-04,2.0,0.0,-0.4,13.4,5.391304347826087
2018-09-05,2.0,0.0,1.2,17.1,7.121739130434783
2018-09-06,4.0,2.0,6.0,17.3,10.726086956521739
2018-09-07,4.0,0.0,6.5,14.7,9.991304347826087
2018-09-08,4.0,0.0,4.9,9.6,6.98695652173913
2018-09-09,3.0,-1.0,5.4,7.5,6.304347826086957
2018-09-10,2.0,-1.0,4.7,8.5,6.334782608695652
2018-09-11,3.0,1.0,3.5,10.0,6.447826086956522
2018-09-12,3.0,0.0,2.8,9.7,5.552173913043478
2018-09-13,4.0,1.0,-1.2,6.8,0.7217391304347827
2018-09-14,3.0,-1.0,0.0,4.7,1.182608695652174
2018-09-15,2.0,-1.0,1.5,6.5,3.0217391304347827
2018-09-16,3.0,1.0,0.1,4.4,1.7695652173913043
2018-09-17,2.0,-1.0,0.2,7.4,2.9956521739130433
2018-09-18,1.0,-1.0,-2.3,8.9,1.1695652173913043
2018-09-19,2.0,1.0,1.5,10.9,5.582608695652174
2018-09-20,1.0,-1.0,-0.6,6.5,3.1956521739130435
2018-09-21,3.0,2.0,0.2,3.5,1.5608695652173914
2018-09-22,9.0,6.0,-0.4,3.5,0.6217391304347826
2018-09-23,5.0,-4.0,-0.7,7.9,2.3956521739130436
2018-09-24,1.0,-4.0,-0.9,10.7,3.769565217391304
2018-09-25,1.0,0.0,-1.7,11.7,3.1869565217391305
2018-09-26,2.0,1.0,1.7,15.0,5.843478260869565
2018-09-27,3.0,1.0,3.1,12.9,7.086956521739131
2018-09-28,3.0,0.0,0.0,9.5,6.460869565217391
2018-09-29,1.0,-2.0,-1.2,8.3,2.2956521739130435
2018-09-30,1.0,0.0,-2.5,5.5,0.21739130434782605
2018-10-01,40.0,39.0,-3.1,1.4,-1.7956521739130435
2018-10-02,55.0,15.0,-7.2,-1.4,-4.8826086956521735
2018-10-03,53.0,-2.0,-11.8,1.1,-6.765217391304348
2018-10-04,53.0,0.0,-8.8,2.7,-3.891304347826087
2018-10-05,55.0,2.0,-3.2,4.2,-0.6217391304347826
2018-10-06,53.0,-2.0,-5.4,5.7,-0.8043478260869567
2018-10-07,57.0,4.0,1.3,4.0,2.491304347826087
2018-10-08,53.0,-4.0,0.9,6.6,2.5956521739130434
2018-10-09,48.0,-5.0,-0.1,4.4,1.7347826086956522
2018-10-10,43.0,-5.0,-0.3,3.8,1.0782608695652174
2018-10-11,36.0,-7.0,-3.6,8.5,0.717391304347826
2018-10-12,31.0,-5.0,2.7,8.6,6.647826086956521
2018-10-13,28.0,-3.0,-3.7,5.3,0.608695652173913
2018-10-14,19.0,-9.0,-3.1,11.8,1.0782608695652174
2018-10-15,19.0,0.0,-1.2,13.5,3.4608695652173913
2018-10-16,18.0,-1.0,-0.3,13.7,4.334782608695652
2018-10-17,19.0,1.0,1.6,14.3,5.886956521739131
2018-10-18,22.0,3.0,1.8,13.3,7.291304347826087
2018-10-19,18.0,-4.0,4.0,14.2,7.591304347826087
2018-10-20,16.0,-2.0,1.1,10.7,6.77391304347826
2018-10-21,8.0,-8.0,-2.8,7.4,1.1347826086956523
2018-10-22,7.0,-1.0,-1.8,12.1,2.6478260869565218
2018-10-23,9.0,2.0,1.8,13.0,6.804347826086956
2018-10-24,10.0,1.0,2.0,9.1,4.430434782608696
2018-10-25,7.0,-3.0,1.7,4.9,3.4
2018-10-26,5.0,-2.0,-1.5,3.9,1.7608695652173914
2018-10-27,3.0,-2.0,-2.0,5.7,2.2217391304347824
2018-10-28,13.0,10.0,0.1,5.2,1.5869565217391304
2018-10-29,18.0,5.0,0.0,2.4,0.7782608695652175
2018-10-30,20.0,2.0,0.2,3.0,1.4043478260869566
2018-10-31,21.0,1.0,0.1,6.6,2.4260869565217393
2018-11-01,21.0,0.0,2.0,7.2,4.030434782608696
2018-11-02,4.0,-17.0,2.8,6.0,4.143478260869565
2018-11-03,4.0,0.0,1.8,4.6,3.1826086956521737
2018-11-04,3.0,-1.0,-0.1,3.6,2.247826086956522
2018-11-05,3.0,0.0,0.3,3.8,1.9695652173913043
2018-11-06,2.0,-1.0,-2.7,1.3,-0.8782608695652174
2018-11-07,1.0,-1.0,-7.7,-2.0,-4.273913043478261
2018-11-08,0,-1.0,-7.8,4.0,-3.4478260869565216
2018-11-09,5.0,5.0,0.4,4.3,2.0956521739130434
2018-11-10,0.0,-5.0,-6.6,-0.9,-3.765217391304348
2018-11-11,0,0.0,-7.7,2.1,-4.552173913043478
2018-11-12,2.0,2.0,-3.7,8.9,0.017391304347826132
2018-11-13,7.0,5.0,1.9,7.8,4.904347826086957
2018-11-14,8.0,1.0,0.3,3.9,1.9391304347826086
2018-11-15,8.0,0.0,0.6,4.2,2.234782608695652
2018-11-16,7.0,-1.0,-3.1,4.7,-0.8260869565217391
2018-11-17,2.0,-5.0,-8.5,-1.2,-5.326086956521739
2018-11-18,1.0,-1.0,-3.0,3.9,-1.3391304347826087
2018-11-19,2.0,1.0,-2.4,5.5,-0.2956521739130435
2018-11-20,4.0,2.0,-0.8,5.7,2.1478260869565218
2018-11-21,10.0,6.0,0.3,6.0,3.0521739130434784
2018-11-22,10.0,0.0,-7.1,1.0,-2.9043478260869566
2018-11-23,12.0,2.0,-2.3,-0.2,-1.173913043478261
2018-11-24,10.0,-2.0,-8.2,-0.1,-4.673913043478261
2018-11-25,14.0,4.0,-1.6,4.0,0.39999999999999997
2018-11-26,17.0,3.0,1.5,3.3,2.208695652173913
2018-11-27,16.0,-1.0,0.2,2.9,1.5478260869565217
2018-11-28,17.0,1.0,-1.4,0.5,-0.47391304347826085
2018-11-29,18.0,1.0,-7.4,-2.9,-5.395652173913043
2018-11-30,18.0,0.0,-9.7,-3.2,-7.691304347826087
2018-12-01,18.0,0.0,-9.0,-3.7,-6.482608695652174
2018-12-02,18.0,0.0,-9.5,-5.0,-6.408695652173913
2018-12-03,17.0,-1.0,-15.4,-10.9,-12.491304347826087
2018-12-04,16.0,-1.0,-14.8,-5.1,-11.208695652173914
2018-12-05,17.0,1.0,-14.1,-8.6,-11.852173913043478
2018-12-06,17.0,0.0,-14.4,-8.7,-12.604347826086956
2018-12-07,16.0,-1.0,-12.7,-3.0,-8.595652173913043
2018-12-08,22.0,6.0,-5.2,1.0,-1.7695652173913043
2018-12-09,26.0,4.0,-3.2,1.3,-0.3130434782608696
2018-12-10,33.0,7.0,-3.1,0.1,-1.6739130434782608
2018-12-11,44.0,11.0,-3.4,-0.8,-1.7521739130434784
2018-12-12,54.0,10.0,-4.4,-1.6,-3.360869565217391
2018-12-13,70.0,16.0,-3.1,-0.7,-2.034782608695652
2018-12-14,88.0,18.0,-1.4,1.4,0.07391304347826086
2018-12-15,107.0,19.0,-7.5,-1.3,-4.8652173913043475
2018-12-16,116.0,9.0,-4.7,0.7,-1.9304347826086956
2018-12-17,130.0,14.0,-1.3,0.4,-0.5478260869565218
2018-12-18,142.0,12.0,-1.6,-0.8,-1.2695652173913043
2018-12-19,159.0,17.0,-2.6,-1.0,-1.8869565217391304
2018-12-20,185.0,26.0,-3.5,0.6,-2.417391304347826
2018-12-21,195.0,10.0,-11.6,-0.5,-7.121739130434783
2018-12-22,195.0,0.0,-10.4,-1.9,-5.960869565217392
2018-12-23,199.0,4.0,-2.1,-0.7,-1.5347826086956522
2018-12-24,199.0,0.0,-7.1,-2.4,-4.1
2018-12-25,198.0,-1.0,-15.3,-9.7,-12.873913043478261
2018-12-26,199.0,1.0,-11.0,-2.4,-5.521739130434782
2018-12-27,198.0,-1.0,-14.4,-5.4,-10.782608695652174
2018-12-28,200.0,2.0,-6.3,1.1,-2.873913043478261
2018-12-29,218.0,18.0,-1.9,1.8,0.32608695652173914
2018-12-30,223.0,5.0,-9.2,-2.4,-5.530434782608696
2018-12-31,221.0,-2.0,-13.2,-2.0,-8.121739130434783
